<?xml version="1.0" encoding="UTF-8"?>
<!-- IMPORTANT: This is an internal file that has been generated
     by the Xilinx ISE software.  Any direct editing or
     changes made to this file may result in unpredictable
     behavior or data corruption.  It is strongly advised that
     users do not edit the contents of this file. -->
<DeviceUsageSummary rev="2">
<DesignStatistics TimeStamp="Tue Jan 27 14:23:03 2015"><group name="NetStatistics">
<item name="NumNets_Active" rev="2">
<attrib name="value" value="3524"/></item>
<item name="NumNets_Gnd" rev="2">
<attrib name="value" value="1"/></item>
<item name="NumNets_Vcc" rev="2">
<attrib name="value" value="1"/></item>
<item name="NumNodesOfType_Active_BOUNCEIN" rev="2">
<attrib name="value" value="2217"/></item>
<item name="NumNodesOfType_Active_BUFGOUT" rev="2">
<attrib name="value" value="2"/></item>
<item name="NumNodesOfType_Active_CLKPIN" rev="2">
<attrib name="value" value="1624"/></item>
<item name="NumNodesOfType_Active_CNTRLPIN" rev="2">
<attrib name="value" value="2187"/></item>
<item name="NumNodesOfType_Active_DOUBLE" rev="2">
<attrib name="value" value="14232"/></item>
<item name="NumNodesOfType_Active_GENERIC" rev="2">
<attrib name="value" value="5"/></item>
<item name="NumNodesOfType_Active_GLOBAL" rev="2">
<attrib name="value" value="141"/></item>
<item name="NumNodesOfType_Active_HLONG" rev="2">
<attrib name="value" value="67"/></item>
<item name="NumNodesOfType_Active_HUNIHEX" rev="2">
<attrib name="value" value="1659"/></item>
<item name="NumNodesOfType_Active_INPUT" rev="2">
<attrib name="value" value="11798"/></item>
<item name="NumNodesOfType_Active_IOBIN2OUT" rev="2">
<attrib name="value" value="5"/></item>
<item name="NumNodesOfType_Active_IOBINPUT" rev="2">
<attrib name="value" value="4"/></item>
<item name="NumNodesOfType_Active_IOBOUTPUT" rev="2">
<attrib name="value" value="9"/></item>
<item name="NumNodesOfType_Active_OMUX" rev="2">
<attrib name="value" value="3877"/></item>
<item name="NumNodesOfType_Active_OUTBOUND" rev="2">
<attrib name="value" value="3302"/></item>
<item name="NumNodesOfType_Active_OUTPUT" rev="2">
<attrib name="value" value="3518"/></item>
<item name="NumNodesOfType_Active_PADINPUT" rev="2">
<attrib name="value" value="4"/></item>
<item name="NumNodesOfType_Active_PADOUTPUT" rev="2">
<attrib name="value" value="5"/></item>
<item name="NumNodesOfType_Active_PINBOUNCE" rev="2">
<attrib name="value" value="3007"/></item>
<item name="NumNodesOfType_Active_PINFEED" rev="2">
<attrib name="value" value="13966"/></item>
<item name="NumNodesOfType_Active_UNUSED" rev="2">
<attrib name="value" value="1"/></item>
<item name="NumNodesOfType_Active_VLONG" rev="2">
<attrib name="value" value="48"/></item>
<item name="NumNodesOfType_Active_VUNIHEX" rev="2">
<attrib name="value" value="1392"/></item>
<item name="NumNodesOfType_Gnd_BOUNCEIN" rev="2">
<attrib name="value" value="199"/></item>
<item name="NumNodesOfType_Gnd_CLKPIN" rev="2">
<attrib name="value" value="2"/></item>
<item name="NumNodesOfType_Gnd_CNTRLPIN" rev="2">
<attrib name="value" value="102"/></item>
<item name="NumNodesOfType_Gnd_DOUBLE" rev="2">
<attrib name="value" value="3"/></item>
<item name="NumNodesOfType_Gnd_HGNDOUT" rev="2">
<attrib name="value" value="117"/></item>
<item name="NumNodesOfType_Gnd_HUNIHEX" rev="2">
<attrib name="value" value="1"/></item>
<item name="NumNodesOfType_Gnd_INPUT" rev="2">
<attrib name="value" value="344"/></item>
<item name="NumNodesOfType_Gnd_OMUX" rev="2">
<attrib name="value" value="13"/></item>
<item name="NumNodesOfType_Gnd_OUTBOUND" rev="2">
<attrib name="value" value="11"/></item>
<item name="NumNodesOfType_Gnd_OUTPUT" rev="2">
<attrib name="value" value="11"/></item>
<item name="NumNodesOfType_Gnd_PINBOUNCE" rev="2">
<attrib name="value" value="48"/></item>
<item name="NumNodesOfType_Gnd_PINFEED" rev="2">
<attrib name="value" value="407"/></item>
<item name="NumNodesOfType_Vcc_CNTRLPIN" rev="2">
<attrib name="value" value="6"/></item>
<item name="NumNodesOfType_Vcc_HVCCOUT" rev="2">
<attrib name="value" value="12"/></item>
<item name="NumNodesOfType_Vcc_INPUT" rev="2">
<attrib name="value" value="81"/></item>
<item name="NumNodesOfType_Vcc_KVCCOUT" rev="2">
<attrib name="value" value="58"/></item>
<item name="NumNodesOfType_Vcc_PINBOUNCE" rev="2">
<attrib name="value" value="38"/></item>
<item name="NumNodesOfType_Vcc_PINFEED" rev="2">
<attrib name="value" value="49"/></item>
</group>
<group name="SiteStatistics">
<item name="BUFG-BUFGCTRL" rev="2">
<attrib name="value" value="2"/></item>
<item name="ILOGIC-ISERDES" rev="2">
<attrib name="value" value="1"/></item>
<item name="IOB-IOBM" rev="2">
<attrib name="value" value="3"/></item>
<item name="IOB-IOBS" rev="2">
<attrib name="value" value="4"/></item>
<item name="IOB-LOWCAPIOB" rev="2">
<attrib name="value" value="2"/></item>
<item name="OLOGIC-OSERDES" rev="2">
<attrib name="value" value="1"/></item>
<item name="SLICEL-SLICEM" rev="2">
<attrib name="value" value="728"/></item>
</group>
<group name="MiscellaneousStatistics">
<item name="AGG_BONDED_IO" rev="1">
<attrib name="value" value="9"/></item>
<item name="AGG_IO" rev="1">
<attrib name="value" value="9"/></item>
<item name="AGG_SLICE" rev="1">
<attrib name="value" value="1911"/></item>
<item name="NUM_4_INPUT_LUT" rev="1">
<attrib name="value" value="2906"/></item>
<item name="NUM_BONDED_IOB" rev="1">
<attrib name="value" value="9"/></item>
<item name="NUM_BSCAN" rev="1">
<attrib name="value" value="1"/></item>
<item name="NUM_BUFG" rev="1">
<attrib name="value" value="2"/></item>
<item name="NUM_CYMUX" rev="1">
<attrib name="value" value="202"/></item>
<item name="NUM_DCM_ADV" rev="1">
<attrib name="value" value="1"/></item>
<item name="NUM_DP_RAM" rev="1">
<attrib name="value" value="384"/></item>
<item name="NUM_DSP48" rev="1">
<attrib name="value" value="3"/></item>
<item name="NUM_ILOGIC" rev="1">
<attrib name="value" value="1"/></item>
<item name="NUM_IOB_FF" rev="1">
<attrib name="value" value="2"/></item>
<item name="NUM_LUT_RT" rev="1">
<attrib name="value" value="112"/></item>
<item name="NUM_MULTAND" rev="1">
<attrib name="value" value="34"/></item>
<item name="NUM_OLOGIC" rev="1">
<attrib name="value" value="1"/></item>
<item name="NUM_RAMB16" rev="1">
<attrib name="value" value="16"/></item>
<item name="NUM_SHIFT" rev="1">
<attrib name="value" value="131"/></item>
<item name="NUM_SLICEL" rev="1">
<attrib name="value" value="1645"/></item>
<item name="NUM_SLICEM" rev="1">
<attrib name="value" value="266"/></item>
<item name="NUM_SLICE_FF" rev="1">
<attrib name="value" value="1530"/></item>
<item name="NUM_XOR" rev="1">
<attrib name="value" value="120"/></item>
<item name="Xilinx Core clock_generator_v4_03_a" rev="1">
<attrib name="value" value="1"/></item>
<item name="Xilinx Core lmb_bram_elaborate_v1_00_a" rev="1">
<attrib name="value" value="1"/></item>
<item name="Xilinx Core lmb_bram_if_cntlr_v3_10_c" rev="1">
<attrib name="value" value="2"/></item>
<item name="Xilinx Core lmb_v10_v2_00_b" rev="1">
<attrib name="value" value="2"/></item>
<item name="Xilinx Core mdm_v2_10_a" rev="1">
<attrib name="value" value="1"/></item>
<item name="Xilinx Core microblaze_v8_40_b" rev="1">
<attrib name="value" value="1"/></item>
<item name="Xilinx Core plb_v46_v1_05_a" rev="1">
<attrib name="value" value="1"/></item>
<item name="Xilinx Core proc_sys_reset_v3_00_a" rev="1">
<attrib name="value" value="1"/></item>
<item name="Xilinx Core util_reduced_logic_v1_00_a" rev="1">
<attrib name="value" value="1"/></item>
<item name="Xilinx Core xps_uartlite_v1_02_a" rev="1">
<attrib name="value" value="1"/></item>
</group>
</DesignStatistics>
<DeviceUsage TimeStamp="Tue Jan 27 14:23:03 2015"><group name="SiteSummary">
<item name="BSCAN" rev="2">
<attrib name="total" value="1000000"/><attrib name="used" value="1"/></item>
<item name="BSCAN_BSCAN" rev="2">
<attrib name="total" value="1000000"/><attrib name="used" value="1"/></item>
<item name="BUFG" rev="2">
<attrib name="total" value="1000000"/><attrib name="used" value="2"/></item>
<item name="BUFG_GCLK_BUFFER" rev="2">
<attrib name="total" value="1000000"/><attrib name="used" value="2"/></item>
<item name="DCM_ADV" rev="2">
<attrib name="total" value="1000000"/><attrib name="used" value="8"/></item>
<item name="DCM_ADV_DCM_ADV" rev="2">
<attrib name="total" value="1000000"/><attrib name="used" value="8"/></item>
<item name="DSP48" rev="2">
<attrib name="total" value="1000000"/><attrib name="used" value="3"/></item>
<item name="DSP48_DSP48" rev="2">
<attrib name="total" value="1000000"/><attrib name="used" value="3"/></item>
<item name="ILOGIC" rev="2">
<attrib name="total" value="1000000"/><attrib name="used" value="1"/></item>
<item name="ILOGIC_IFF1" rev="2">
<attrib name="total" value="1000000"/><attrib name="used" value="1"/></item>
<item name="IOB" rev="2">
<attrib name="total" value="1000000"/><attrib name="used" value="9"/></item>
<item name="IOB_INBUF" rev="2">
<attrib name="total" value="1000000"/><attrib name="used" value="5"/></item>
<item name="IOB_OUTBUF" rev="2">
<attrib name="total" value="1000000"/><attrib name="used" value="4"/></item>
<item name="IOB_PAD" rev="2">
<attrib name="total" value="1000000"/><attrib name="used" value="9"/></item>
<item name="OLOGIC" rev="2">
<attrib name="total" value="1000000"/><attrib name="used" value="1"/></item>
<item name="OLOGIC_OFF1" rev="2">
<attrib name="total" value="1000000"/><attrib name="used" value="1"/></item>
<item name="PMV" rev="2">
<attrib name="total" value="1000000"/><attrib name="used" value="1"/></item>
<item name="PMV_PMV" rev="2">
<attrib name="total" value="1000000"/><attrib name="used" value="1"/></item>
<item name="RAMB16" rev="2">
<attrib name="total" value="1000000"/><attrib name="used" value="16"/></item>
<item name="RAMB16_RAMB16" rev="2">
<attrib name="total" value="1000000"/><attrib name="used" value="16"/></item>
<item name="SLICEL" rev="2">
<attrib name="total" value="1000000"/><attrib name="used" value="1645"/></item>
<item name="SLICEL_C1VDD" rev="2">
<attrib name="total" value="1000000"/><attrib name="used" value="2"/></item>
<item name="SLICEL_C2VDD" rev="2">
<attrib name="total" value="1000000"/><attrib name="used" value="1"/></item>
<item name="SLICEL_CYMUXF" rev="2">
<attrib name="total" value="1000000"/><attrib name="used" value="101"/></item>
<item name="SLICEL_CYMUXG" rev="2">
<attrib name="total" value="1000000"/><attrib name="used" value="93"/></item>
<item name="SLICEL_F" rev="2">
<attrib name="total" value="1000000"/><attrib name="used" value="1153"/></item>
<item name="SLICEL_F5MUX" rev="2">
<attrib name="total" value="1000000"/><attrib name="used" value="425"/></item>
<item name="SLICEL_F6MUX" rev="2">
<attrib name="total" value="1000000"/><attrib name="used" value="5"/></item>
<item name="SLICEL_FAND" rev="2">
<attrib name="total" value="1000000"/><attrib name="used" value="17"/></item>
<item name="SLICEL_FFX" rev="2">
<attrib name="total" value="1000000"/><attrib name="used" value="683"/></item>
<item name="SLICEL_FFY" rev="2">
<attrib name="total" value="1000000"/><attrib name="used" value="838"/></item>
<item name="SLICEL_G" rev="2">
<attrib name="total" value="1000000"/><attrib name="used" value="1228"/></item>
<item name="SLICEL_GAND" rev="2">
<attrib name="total" value="1000000"/><attrib name="used" value="17"/></item>
<item name="SLICEL_GNDF" rev="2">
<attrib name="total" value="1000000"/><attrib name="used" value="50"/></item>
<item name="SLICEL_GNDG" rev="2">
<attrib name="total" value="1000000"/><attrib name="used" value="47"/></item>
<item name="SLICEL_XORF" rev="2">
<attrib name="total" value="1000000"/><attrib name="used" value="60"/></item>
<item name="SLICEL_XORG" rev="2">
<attrib name="total" value="1000000"/><attrib name="used" value="60"/></item>
<item name="SLICEM" rev="2">
<attrib name="total" value="1000000"/><attrib name="used" value="266"/></item>
<item name="SLICEM_CYMUXF" rev="2">
<attrib name="total" value="1000000"/><attrib name="used" value="4"/></item>
<item name="SLICEM_CYMUXG" rev="2">
<attrib name="total" value="1000000"/><attrib name="used" value="4"/></item>
<item name="SLICEM_F" rev="2">
<attrib name="total" value="1000000"/><attrib name="used" value="259"/></item>
<item name="SLICEM_F5MUX" rev="2">
<attrib name="total" value="1000000"/><attrib name="used" value="4"/></item>
<item name="SLICEM_F6MUX" rev="2">
<attrib name="total" value="1000000"/><attrib name="used" value="4"/></item>
<item name="SLICEM_FFX" rev="2">
<attrib name="total" value="1000000"/><attrib name="used" value="3"/></item>
<item name="SLICEM_FFY" rev="2">
<attrib name="total" value="1000000"/><attrib name="used" value="6"/></item>
<item name="SLICEM_FMC15_BLACKBOX" rev="2">
<attrib name="total" value="1000000"/><attrib name="used" value="3"/></item>
<item name="SLICEM_G" rev="2">
<attrib name="total" value="1000000"/><attrib name="used" value="266"/></item>
<item name="SLICEM_GMC15_BLACKBOX" rev="2">
<attrib name="total" value="1000000"/><attrib name="used" value="4"/></item>
<item name="SLICEM_GNDF" rev="2">
<attrib name="total" value="1000000"/><attrib name="used" value="4"/></item>
<item name="SLICEM_GNDG" rev="2">
<attrib name="total" value="1000000"/><attrib name="used" value="4"/></item>
<item name="SLICEM_WSGEN" rev="2">
<attrib name="total" value="1000000"/><attrib name="used" value="262"/></item>
</group>
</DeviceUsage>
<ReportConfigData TimeStamp="Tue Jan 27 14:23:03 2015"><group name="SLICEL_CYMUXF">
<item name="0" rev="2">
<attrib name="0" value="100"/><attrib name="0_INV" value="0"/></item>
<item name="1" rev="2">
<attrib name="1_INV" value="0"/><attrib name="1" value="101"/></item>
</group>
<group name="SLICEL_CYMUXG">
<item name="0" rev="2">
<attrib name="0" value="92"/><attrib name="0_INV" value="0"/></item>
</group>
<group name="SLICEM_F">
<item name="DI" rev="2">
<attrib name="DI" value="253"/><attrib name="DI_INV" value="0"/></item>
<item name="F_ATTR" rev="2">
<attrib name="DUAL_PORT" value="192"/><attrib name="SHIFT_REG" value="61"/></item>
<item name="LUT_OR_MEM" rev="2">
<attrib name="LUT" value="6"/><attrib name="RAM" value="253"/></item>
</group>
<group name="SLICEM_G">
<item name="DI" rev="2">
<attrib name="DI" value="262"/><attrib name="DI_INV" value="0"/></item>
<item name="G_ATTR" rev="2">
<attrib name="DUAL_PORT" value="192"/><attrib name="SHIFT_REG" value="70"/></item>
<item name="LUT_OR_MEM" rev="2">
<attrib name="LUT" value="4"/><attrib name="RAM" value="262"/></item>
</group>
<group name="DCM_ADV_DCM_ADV">
<item name="BGM_CONFIG_REF_SEL" rev="2">
<attrib name="CLKIN" value="8"/></item>
<item name="BGM_DIVIDE" rev="2">
<attrib name="16" value="8"/></item>
<item name="BGM_LDLY" rev="2">
<attrib name="5" value="8"/></item>
<item name="BGM_MODE" rev="2">
<attrib name="BG_SNAPSHOT" value="8"/></item>
<item name="BGM_MULTIPLY" rev="2">
<attrib name="16" value="8"/></item>
<item name="BGM_SAMPLE_LEN" rev="2">
<attrib name="2" value="8"/></item>
<item name="BGM_SDLY" rev="2">
<attrib name="3" value="8"/></item>
<item name="BGM_VADJ" rev="2">
<attrib name="5" value="8"/></item>
<item name="BGM_VLDLY" rev="2">
<attrib name="7" value="8"/></item>
<item name="BGM_VSDLY" rev="2">
<attrib name="0" value="8"/></item>
<item name="CLKDV_DIVIDE" rev="2">
<attrib name="2.0" value="8"/></item>
<item name="CLKFX_DIVIDE" rev="2">
<attrib name="1" value="8"/></item>
<item name="CLKFX_MULTIPLY" rev="2">
<attrib name="4" value="8"/></item>
<item name="CLKIN_DIVIDE_BY_2" rev="2">
<attrib name="FALSE" value="1"/><attrib name="TRUE" value="7"/></item>
<item name="CLKOUT_PHASE_SHIFT" rev="2">
<attrib name="FIXED" value="8"/></item>
<item name="CLK_FEEDBACK" rev="2">
<attrib name="1X" value="8"/></item>
<item name="CTLMODE" rev="2">
<attrib name="CTLMODE" value="7"/><attrib name="CTLMODE_INV" value="0"/></item>
<item name="DADDR0" rev="2">
<attrib name="DADDR0_INV" value="0"/><attrib name="DADDR0" value="1"/></item>
<item name="DADDR1" rev="2">
<attrib name="DADDR1_INV" value="0"/><attrib name="DADDR1" value="1"/></item>
<item name="DADDR2" rev="2">
<attrib name="DADDR2_INV" value="0"/><attrib name="DADDR2" value="1"/></item>
<item name="DADDR3" rev="2">
<attrib name="DADDR3_INV" value="0"/><attrib name="DADDR3" value="1"/></item>
<item name="DADDR4" rev="2">
<attrib name="DADDR4" value="1"/><attrib name="DADDR4_INV" value="0"/></item>
<item name="DADDR5" rev="2">
<attrib name="DADDR5_INV" value="0"/><attrib name="DADDR5" value="1"/></item>
<item name="DADDR6" rev="2">
<attrib name="DADDR6_INV" value="0"/><attrib name="DADDR6" value="1"/></item>
<item name="DCM_CLKDV_CLKFX_ALIGNMENT" rev="2">
<attrib name="TRUE" value="8"/></item>
<item name="DCM_EXT_FB_EN" rev="2">
<attrib name="FALSE" value="8"/></item>
<item name="DCM_LOCK_HIGH" rev="2">
<attrib name="FALSE" value="8"/></item>
<item name="DCM_PERFORMANCE_MODE" rev="2">
<attrib name="MAX_SPEED" value="8"/></item>
<item name="DCM_UNUSED_TAPS_POWERDOWN" rev="2">
<attrib name="FALSE" value="7"/><attrib name="TRUE" value="1"/></item>
<item name="DCM_VREF_SOURCE" rev="2">
<attrib name="VBG_DLL" value="8"/></item>
<item name="DCM_VREG_ENABLE" rev="2">
<attrib name="FALSE" value="7"/><attrib name="TRUE" value="1"/></item>
<item name="DEN" rev="2">
<attrib name="DEN" value="1"/><attrib name="DEN_INV" value="0"/></item>
<item name="DESKEW_ADJUST" rev="2">
<attrib name="17" value="8"/></item>
<item name="DFS_AVE_FREQ_ADJ_INTERVAL" rev="2">
<attrib name="3" value="8"/></item>
<item name="DFS_AVE_FREQ_GAIN" rev="2">
<attrib name="2.0" value="8"/></item>
<item name="DFS_AVE_FREQ_SAMPLE_INTERVAL" rev="2">
<attrib name="2" value="8"/></item>
<item name="DFS_COARSE_SEL" rev="2">
<attrib name="LEGACY" value="8"/></item>
<item name="DFS_EARLY_LOCK" rev="2">
<attrib name="FALSE" value="8"/></item>
<item name="DFS_EN_RELRST" rev="2">
<attrib name="TRUE" value="8"/></item>
<item name="DFS_EXTEND_FLUSH_TIME" rev="2">
<attrib name="FALSE" value="8"/></item>
<item name="DFS_EXTEND_HALT_TIME" rev="2">
<attrib name="FALSE" value="8"/></item>
<item name="DFS_EXTEND_RUN_TIME" rev="2">
<attrib name="FALSE" value="8"/></item>
<item name="DFS_FINE_SEL" rev="2">
<attrib name="LEGACY" value="8"/></item>
<item name="DFS_FREQUENCY_MODE" rev="2">
<attrib name="LOW" value="8"/></item>
<item name="DFS_NON_STOP" rev="2">
<attrib name="FALSE" value="8"/></item>
<item name="DFS_OSCILLATOR_MODE" rev="2">
<attrib name="PHASE_FREQ_LOCK" value="8"/></item>
<item name="DFS_SKIP_FINE" rev="2">
<attrib name="FALSE" value="8"/></item>
<item name="DFS_TP_SEL" rev="2">
<attrib name="LEVEL" value="8"/></item>
<item name="DFS_TRACKMODE" rev="2">
<attrib name="1" value="8"/></item>
<item name="DI0" rev="2">
<attrib name="DI0_INV" value="0"/><attrib name="DI0" value="1"/></item>
<item name="DI1" rev="2">
<attrib name="DI1_INV" value="0"/><attrib name="DI1" value="1"/></item>
<item name="DI10" rev="2">
<attrib name="DI10" value="1"/><attrib name="DI10_INV" value="0"/></item>
<item name="DI11" rev="2">
<attrib name="DI11" value="1"/><attrib name="DI11_INV" value="0"/></item>
<item name="DI12" rev="2">
<attrib name="DI12" value="1"/><attrib name="DI12_INV" value="0"/></item>
<item name="DI13" rev="2">
<attrib name="DI13" value="1"/><attrib name="DI13_INV" value="0"/></item>
<item name="DI14" rev="2">
<attrib name="DI14" value="1"/><attrib name="DI14_INV" value="0"/></item>
<item name="DI15" rev="2">
<attrib name="DI15" value="1"/><attrib name="DI15_INV" value="0"/></item>
<item name="DI2" rev="2">
<attrib name="DI2_INV" value="0"/><attrib name="DI2" value="1"/></item>
<item name="DI3" rev="2">
<attrib name="DI3_INV" value="0"/><attrib name="DI3" value="1"/></item>
<item name="DI4" rev="2">
<attrib name="DI4_INV" value="0"/><attrib name="DI4" value="1"/></item>
<item name="DI5" rev="2">
<attrib name="DI5_INV" value="0"/><attrib name="DI5" value="1"/></item>
<item name="DI6" rev="2">
<attrib name="DI6_INV" value="0"/><attrib name="DI6" value="1"/></item>
<item name="DI7" rev="2">
<attrib name="DI7_INV" value="0"/><attrib name="DI7" value="1"/></item>
<item name="DI8" rev="2">
<attrib name="DI8_INV" value="0"/><attrib name="DI8" value="1"/></item>
<item name="DI9" rev="2">
<attrib name="DI9_INV" value="0"/><attrib name="DI9" value="1"/></item>
<item name="DLL_CONTROL_CLOCK_SPEED" rev="2">
<attrib name="HALF" value="8"/></item>
<item name="DLL_CTL_SEL_CLKIN_DIV2" rev="2">
<attrib name="FALSE" value="8"/></item>
<item name="DLL_DESKEW_LOCK_BY1" rev="2">
<attrib name="FALSE" value="8"/></item>
<item name="DLL_FREQUENCY_MODE" rev="2">
<attrib name="LOW" value="8"/></item>
<item name="DLL_PD_DLY_SEL" rev="2">
<attrib name="0" value="8"/></item>
<item name="DLL_PERIOD_LOCK_BY1" rev="2">
<attrib name="FALSE" value="8"/></item>
<item name="DLL_PHASE_DETECTOR_AUTO_RESET" rev="2">
<attrib name="TRUE" value="8"/></item>
<item name="DLL_PHASE_DETECTOR_MODE" rev="2">
<attrib name="ENHANCED" value="8"/></item>
<item name="DLL_PHASE_SHIFT_CALIBRATION" rev="2">
<attrib name="AUTO_DPS" value="8"/></item>
<item name="DLL_PHASE_SHIFT_LOCK_BY1" rev="2">
<attrib name="FALSE" value="8"/></item>
<item name="DUTY_CYCLE_CORRECTION" rev="2">
<attrib name="TRUE" value="8"/></item>
<item name="DWE" rev="2">
<attrib name="DWE" value="1"/><attrib name="DWE_INV" value="0"/></item>
<item name="PMCD_SYNC" rev="2">
<attrib name="FALSE" value="8"/></item>
<item name="PSEN" rev="2">
<attrib name="PSEN_INV" value="7"/><attrib name="PSEN" value="1"/></item>
<item name="PSINCDEC" rev="2">
<attrib name="PSINCDEC" value="1"/><attrib name="PSINCDEC_INV" value="0"/></item>
<item name="RST" rev="2">
<attrib name="RST" value="1"/><attrib name="RST_INV" value="0"/></item>
<item name="STARTUP_WAIT" rev="2">
<attrib name="FALSE" value="8"/></item>
</group>
<group name="SLICEM_F6MUX">
<item name="S0" rev="2">
<attrib name="S0" value="4"/><attrib name="S0_INV" value="0"/></item>
</group>
<group name="SLICEL">
<item name="BX" rev="2">
<attrib name="BX_INV" value="1"/><attrib name="BX" value="577"/></item>
<item name="BY" rev="2">
<attrib name="BY" value="612"/><attrib name="BY_INV" value="10"/></item>
<item name="CE" rev="2">
<attrib name="CE" value="811"/><attrib name="CE_INV" value="2"/></item>
<item name="CIN" rev="2">
<attrib name="CIN_INV" value="0"/><attrib name="CIN" value="85"/></item>
<item name="CLK" rev="2">
<attrib name="CLK" value="1298"/><attrib name="CLK_INV" value="11"/></item>
<item name="SR" rev="2">
<attrib name="SR" value="1011"/><attrib name="SR_INV" value="72"/></item>
</group>
<group name="SLICEM">
<item name="BX" rev="2">
<attrib name="BX_INV" value="0"/><attrib name="BX" value="65"/></item>
<item name="BY" rev="2">
<attrib name="BY" value="266"/><attrib name="BY_INV" value="0"/></item>
<item name="CE" rev="2">
<attrib name="CE" value="3"/><attrib name="CE_INV" value="0"/></item>
<item name="CIN" rev="2">
<attrib name="CIN_INV" value="0"/><attrib name="CIN" value="3"/></item>
<item name="CLK" rev="2">
<attrib name="CLK" value="262"/><attrib name="CLK_INV" value="0"/></item>
<item name="SHIFTIN" rev="2">
<attrib name="SHIFTIN_INV" value="0"/><attrib name="SHIFTIN" value="2"/></item>
<item name="SR" rev="2">
<attrib name="SR" value="262"/><attrib name="SR_INV" value="0"/></item>
</group>
<group name="SLICEL_F6MUX">
<item name="S0" rev="2">
<attrib name="S0" value="5"/><attrib name="S0_INV" value="0"/></item>
</group>
<group name="RAMB16">
<item name="CLKA" rev="2">
<attrib name="CLKA_INV" value="0"/><attrib name="CLKA" value="16"/></item>
<item name="CLKB" rev="2">
<attrib name="CLKB_INV" value="0"/><attrib name="CLKB" value="16"/></item>
<item name="ENA" rev="2">
<attrib name="ENA_INV" value="0"/><attrib name="ENA" value="16"/></item>
<item name="ENB" rev="2">
<attrib name="ENB_INV" value="0"/><attrib name="ENB" value="16"/></item>
<item name="REGCEA" rev="2">
<attrib name="REGCEA_INV" value="0"/><attrib name="REGCEA" value="16"/></item>
<item name="REGCEB" rev="2">
<attrib name="REGCEB_INV" value="0"/><attrib name="REGCEB" value="16"/></item>
<item name="SSRA" rev="2">
<attrib name="SSRA_INV" value="0"/><attrib name="SSRA" value="16"/></item>
<item name="SSRB" rev="2">
<attrib name="SSRB_INV" value="0"/><attrib name="SSRB" value="16"/></item>
<item name="WEA0" rev="2">
<attrib name="WEA0" value="16"/><attrib name="WEA0_INV" value="0"/></item>
<item name="WEA1" rev="2">
<attrib name="WEA1" value="16"/><attrib name="WEA1_INV" value="0"/></item>
<item name="WEA2" rev="2">
<attrib name="WEA2" value="16"/><attrib name="WEA2_INV" value="0"/></item>
<item name="WEA3" rev="2">
<attrib name="WEA3_INV" value="0"/><attrib name="WEA3" value="16"/></item>
<item name="WEB0" rev="2">
<attrib name="WEB0" value="16"/><attrib name="WEB0_INV" value="0"/></item>
<item name="WEB1" rev="2">
<attrib name="WEB1" value="16"/><attrib name="WEB1_INV" value="0"/></item>
<item name="WEB2" rev="2">
<attrib name="WEB2_INV" value="0"/><attrib name="WEB2" value="16"/></item>
<item name="WEB3" rev="2">
<attrib name="WEB3" value="16"/><attrib name="WEB3_INV" value="0"/></item>
</group>
<group name="ILOGIC_IFF1">
<item name="CK" rev="2">
<attrib name="CK" value="1"/><attrib name="CK_INV" value="0"/></item>
<item name="INIT_Q1" rev="2">
<attrib name="1" value="1"/></item>
<item name="LATCH_OR_FF" rev="2">
<attrib name="FF" value="1"/></item>
<item name="SR" rev="2">
<attrib name="SR" value="1"/><attrib name="SR_INV" value="0"/></item>
<item name="SRTYPE" rev="2">
<attrib name="SYNC" value="1"/></item>
<item name="SRVAL_Q1" rev="2">
<attrib name="1" value="1"/></item>
</group>
<group name="BSCAN_BSCAN">
<item name="JTAG_CHAIN" rev="2">
<attrib name="2" value="1"/></item>
</group>
<group name="DSP48_DSP48">
<item name="AREG" rev="2">
<attrib name="0" value="2"/><attrib name="1" value="1"/></item>
<item name="BREG" rev="2">
<attrib name="0" value="2"/><attrib name="1" value="1"/></item>
<item name="B_INPUT" rev="2">
<attrib name="DIRECT" value="3"/></item>
<item name="CARRYIN" rev="2">
<attrib name="CARRYIN" value="3"/><attrib name="CARRYIN_INV" value="0"/></item>
<item name="CARRYINREG" rev="2">
<attrib name="0" value="3"/></item>
<item name="CARRYINSEL0" rev="2">
<attrib name="CARRYINSEL0_INV" value="0"/><attrib name="CARRYINSEL0" value="3"/></item>
<item name="CARRYINSEL1" rev="2">
<attrib name="CARRYINSEL1" value="3"/><attrib name="CARRYINSEL1_INV" value="0"/></item>
<item name="CARRYINSELREG" rev="2">
<attrib name="0" value="3"/></item>
<item name="CEA" rev="2">
<attrib name="CEA_INV" value="0"/><attrib name="CEA" value="3"/></item>
<item name="CEB" rev="2">
<attrib name="CEB_INV" value="0"/><attrib name="CEB" value="3"/></item>
<item name="CECARRYIN" rev="2">
<attrib name="CECARRYIN_INV" value="0"/><attrib name="CECARRYIN" value="3"/></item>
<item name="CECINSUB" rev="2">
<attrib name="CECINSUB" value="3"/><attrib name="CECINSUB_INV" value="0"/></item>
<item name="CECTRL" rev="2">
<attrib name="CECTRL" value="3"/><attrib name="CECTRL_INV" value="0"/></item>
<item name="CEM" rev="2">
<attrib name="CEM_INV" value="0"/><attrib name="CEM" value="3"/></item>
<item name="CEP" rev="2">
<attrib name="CEP" value="3"/><attrib name="CEP_INV" value="0"/></item>
<item name="CLK" rev="2">
<attrib name="CLK" value="3"/><attrib name="CLK_INV" value="0"/></item>
<item name="CREG" rev="2">
<attrib name="0" value="3"/></item>
<item name="LEGACY_MODE" rev="2">
<attrib name="MULT18X18" value="1"/><attrib name="MULT18X18S" value="2"/></item>
<item name="MREG" rev="2">
<attrib name="0" value="1"/><attrib name="1" value="2"/></item>
<item name="OPMODE0" rev="2">
<attrib name="OPMODE0" value="3"/><attrib name="OPMODE0_INV" value="0"/></item>
<item name="OPMODE1" rev="2">
<attrib name="OPMODE1_INV" value="0"/><attrib name="OPMODE1" value="3"/></item>
<item name="OPMODE2" rev="2">
<attrib name="OPMODE2" value="3"/><attrib name="OPMODE2_INV" value="0"/></item>
<item name="OPMODE3" rev="2">
<attrib name="OPMODE3" value="3"/><attrib name="OPMODE3_INV" value="0"/></item>
<item name="OPMODE4" rev="2">
<attrib name="OPMODE4" value="3"/><attrib name="OPMODE4_INV" value="0"/></item>
<item name="OPMODE5" rev="2">
<attrib name="OPMODE5_INV" value="0"/><attrib name="OPMODE5" value="3"/></item>
<item name="OPMODE6" rev="2">
<attrib name="OPMODE6_INV" value="0"/><attrib name="OPMODE6" value="3"/></item>
<item name="OPMODEREG" rev="2">
<attrib name="0" value="3"/></item>
<item name="PREG" rev="2">
<attrib name="0" value="1"/><attrib name="1" value="2"/></item>
<item name="RSTA" rev="2">
<attrib name="RSTA" value="3"/><attrib name="RSTA_INV" value="0"/></item>
<item name="RSTB" rev="2">
<attrib name="RSTB" value="3"/><attrib name="RSTB_INV" value="0"/></item>
<item name="RSTCARRYIN" rev="2">
<attrib name="RSTCARRYIN_INV" value="0"/><attrib name="RSTCARRYIN" value="3"/></item>
<item name="RSTCTRL" rev="2">
<attrib name="RSTCTRL" value="3"/><attrib name="RSTCTRL_INV" value="0"/></item>
<item name="RSTM" rev="2">
<attrib name="RSTM" value="3"/><attrib name="RSTM_INV" value="0"/></item>
<item name="RSTP" rev="2">
<attrib name="RSTP_INV" value="0"/><attrib name="RSTP" value="3"/></item>
<item name="SUBTRACT" rev="2">
<attrib name="SUBTRACT_INV" value="0"/><attrib name="SUBTRACT" value="3"/></item>
<item name="SUBTRACTREG" rev="2">
<attrib name="0" value="3"/></item>
</group>
<group name="SLICEM_F5MUX">
<item name="S0" rev="2">
<attrib name="S0" value="4"/><attrib name="S0_INV" value="0"/></item>
</group>
<group name="SLICEL_FFX">
<item name="CE" rev="2">
<attrib name="CE" value="453"/><attrib name="CE_INV" value="0"/></item>
<item name="CK" rev="2">
<attrib name="CK" value="680"/><attrib name="CK_INV" value="3"/></item>
<item name="D" rev="2">
<attrib name="D" value="682"/><attrib name="D_INV" value="1"/></item>
<item name="FFX_INIT_ATTR" rev="2">
<attrib name="INIT0" value="660"/><attrib name="INIT1" value="23"/></item>
<item name="FFX_SR_ATTR" rev="2">
<attrib name="SRLOW" value="661"/><attrib name="SRHIGH" value="22"/></item>
<item name="LATCH_OR_FF" rev="2">
<attrib name="FF" value="683"/></item>
<item name="REV" rev="2">
<attrib name="REV_INV" value="0"/><attrib name="REV" value="6"/></item>
<item name="SR" rev="2">
<attrib name="SR" value="588"/><attrib name="SR_INV" value="23"/></item>
<item name="SYNC_ATTR" rev="2">
<attrib name="ASYNC" value="84"/><attrib name="SYNC" value="599"/></item>
</group>
<group name="SLICEL_XORF">
<item name="1" rev="2">
<attrib name="1_INV" value="0"/><attrib name="1" value="60"/></item>
</group>
<group name="SLICEL_FFY">
<item name="CE" rev="2">
<attrib name="CE" value="494"/><attrib name="CE_INV" value="2"/></item>
<item name="CK" rev="2">
<attrib name="CK" value="827"/><attrib name="CK_INV" value="11"/></item>
<item name="D" rev="2">
<attrib name="D" value="828"/><attrib name="D_INV" value="10"/></item>
<item name="FFY_INIT_ATTR" rev="2">
<attrib name="INIT0" value="773"/><attrib name="INIT1" value="65"/></item>
<item name="FFY_SR_ATTR" rev="2">
<attrib name="SRLOW" value="770"/><attrib name="SRHIGH" value="68"/></item>
<item name="LATCH_OR_FF" rev="2">
<attrib name="FF" value="838"/></item>
<item name="REV" rev="2">
<attrib name="REV_INV" value="0"/><attrib name="REV" value="8"/></item>
<item name="SR" rev="2">
<attrib name="SR" value="578"/><attrib name="SR_INV" value="71"/></item>
<item name="SYNC_ATTR" rev="2">
<attrib name="ASYNC" value="221"/><attrib name="SYNC" value="617"/></item>
</group>
<group name="SLICEL_F5MUX">
<item name="S0" rev="2">
<attrib name="S0" value="425"/><attrib name="S0_INV" value="0"/></item>
</group>
<group name="DCM_ADV">
<item name="CTLMODE" rev="2">
<attrib name="CTLMODE" value="7"/><attrib name="CTLMODE_INV" value="0"/></item>
<item name="DADDR0" rev="2">
<attrib name="DADDR0_INV" value="0"/><attrib name="DADDR0" value="1"/></item>
<item name="DADDR1" rev="2">
<attrib name="DADDR1_INV" value="0"/><attrib name="DADDR1" value="1"/></item>
<item name="DADDR2" rev="2">
<attrib name="DADDR2_INV" value="0"/><attrib name="DADDR2" value="1"/></item>
<item name="DADDR3" rev="2">
<attrib name="DADDR3_INV" value="0"/><attrib name="DADDR3" value="1"/></item>
<item name="DADDR4" rev="2">
<attrib name="DADDR4" value="1"/><attrib name="DADDR4_INV" value="0"/></item>
<item name="DADDR5" rev="2">
<attrib name="DADDR5_INV" value="0"/><attrib name="DADDR5" value="1"/></item>
<item name="DADDR6" rev="2">
<attrib name="DADDR6_INV" value="0"/><attrib name="DADDR6" value="1"/></item>
<item name="DEN" rev="2">
<attrib name="DEN" value="1"/><attrib name="DEN_INV" value="0"/></item>
<item name="DI0" rev="2">
<attrib name="DI0_INV" value="0"/><attrib name="DI0" value="1"/></item>
<item name="DI1" rev="2">
<attrib name="DI1_INV" value="0"/><attrib name="DI1" value="1"/></item>
<item name="DI10" rev="2">
<attrib name="DI10" value="1"/><attrib name="DI10_INV" value="0"/></item>
<item name="DI11" rev="2">
<attrib name="DI11" value="1"/><attrib name="DI11_INV" value="0"/></item>
<item name="DI12" rev="2">
<attrib name="DI12" value="1"/><attrib name="DI12_INV" value="0"/></item>
<item name="DI13" rev="2">
<attrib name="DI13" value="1"/><attrib name="DI13_INV" value="0"/></item>
<item name="DI14" rev="2">
<attrib name="DI14" value="1"/><attrib name="DI14_INV" value="0"/></item>
<item name="DI15" rev="2">
<attrib name="DI15" value="1"/><attrib name="DI15_INV" value="0"/></item>
<item name="DI2" rev="2">
<attrib name="DI2_INV" value="0"/><attrib name="DI2" value="1"/></item>
<item name="DI3" rev="2">
<attrib name="DI3_INV" value="0"/><attrib name="DI3" value="1"/></item>
<item name="DI4" rev="2">
<attrib name="DI4_INV" value="0"/><attrib name="DI4" value="1"/></item>
<item name="DI5" rev="2">
<attrib name="DI5_INV" value="0"/><attrib name="DI5" value="1"/></item>
<item name="DI6" rev="2">
<attrib name="DI6_INV" value="0"/><attrib name="DI6" value="1"/></item>
<item name="DI7" rev="2">
<attrib name="DI7_INV" value="0"/><attrib name="DI7" value="1"/></item>
<item name="DI8" rev="2">
<attrib name="DI8_INV" value="0"/><attrib name="DI8" value="1"/></item>
<item name="DI9" rev="2">
<attrib name="DI9_INV" value="0"/><attrib name="DI9" value="1"/></item>
<item name="DWE" rev="2">
<attrib name="DWE" value="1"/><attrib name="DWE_INV" value="0"/></item>
<item name="PSEN" rev="2">
<attrib name="PSEN_INV" value="7"/><attrib name="PSEN" value="1"/></item>
<item name="PSINCDEC" rev="2">
<attrib name="PSINCDEC" value="1"/><attrib name="PSINCDEC_INV" value="0"/></item>
<item name="RST" rev="2">
<attrib name="RST" value="1"/><attrib name="RST_INV" value="0"/></item>
</group>
<group name="ILOGIC">
<item name="CLK" rev="2">
<attrib name="CLK" value="1"/><attrib name="CLK_INV" value="0"/></item>
<item name="SR" rev="2">
<attrib name="SR" value="1"/><attrib name="SR_INV" value="0"/></item>
</group>
<group name="SLICEM_WSGEN">
<item name="CK" rev="2">
<attrib name="CK" value="262"/><attrib name="CK_INV" value="0"/></item>
<item name="SYNC_ATTR" rev="2">
<attrib name="ASYNC" value="8"/></item>
<item name="WE" rev="2">
<attrib name="WE_INV" value="0"/><attrib name="WE" value="262"/></item>
</group>
<group name="SLICEM_FFX">
<item name="CE" rev="2">
<attrib name="CE" value="2"/><attrib name="CE_INV" value="0"/></item>
<item name="CK" rev="2">
<attrib name="CK" value="3"/><attrib name="CK_INV" value="0"/></item>
<item name="D" rev="2">
<attrib name="D" value="3"/><attrib name="D_INV" value="0"/></item>
<item name="FFX_INIT_ATTR" rev="2">
<attrib name="INIT0" value="3"/></item>
<item name="FFX_SR_ATTR" rev="2">
<attrib name="SRLOW" value="3"/></item>
<item name="LATCH_OR_FF" rev="2">
<attrib name="FF" value="3"/></item>
<item name="SYNC_ATTR" rev="2">
<attrib name="ASYNC" value="3"/></item>
</group>
<group name="SLICEM_FFY">
<item name="CE" rev="2">
<attrib name="CE" value="2"/><attrib name="CE_INV" value="0"/></item>
<item name="CK" rev="2">
<attrib name="CK" value="6"/><attrib name="CK_INV" value="0"/></item>
<item name="D" rev="2">
<attrib name="D" value="6"/><attrib name="D_INV" value="0"/></item>
<item name="FFY_INIT_ATTR" rev="2">
<attrib name="INIT0" value="6"/></item>
<item name="FFY_SR_ATTR" rev="2">
<attrib name="SRLOW" value="6"/></item>
<item name="LATCH_OR_FF" rev="2">
<attrib name="FF" value="6"/></item>
<item name="SYNC_ATTR" rev="2">
<attrib name="ASYNC" value="6"/></item>
</group>
<group name="OLOGIC_OFF1">
<item name="CK" rev="2">
<attrib name="CK" value="1"/><attrib name="CK_INV" value="0"/></item>
<item name="D" rev="2">
<attrib name="D" value="1"/><attrib name="D_INV" value="0"/></item>
<item name="INIT_OQ" rev="2">
<attrib name="1" value="1"/></item>
<item name="LATCH_OR_FF" rev="2">
<attrib name="FF" value="1"/></item>
<item name="SR" rev="2">
<attrib name="SR" value="1"/><attrib name="SR_INV" value="0"/></item>
<item name="SRTYPE_OQ" rev="2">
<attrib name="SYNC" value="1"/></item>
<item name="SRVAL_OQ" rev="2">
<attrib name="1" value="1"/></item>
</group>
<group name="IOB_PAD">
<item name="DRIVEATTRBOX" rev="2">
<attrib name="12" value="4"/></item>
<item name="IOATTRBOX" rev="2">
<attrib name="LVCMOS33" value="9"/></item>
<item name="PULL" rev="2">
<attrib name="PULLUP" value="6"/></item>
<item name="SLEW" rev="2">
<attrib name="SLOW" value="4"/></item>
</group>
<group name="SLICEM_CYMUXF">
<item name="0" rev="2">
<attrib name="0" value="4"/><attrib name="0_INV" value="0"/></item>
<item name="1" rev="2">
<attrib name="1_INV" value="0"/><attrib name="1" value="4"/></item>
</group>
<group name="SLICEM_CYMUXG">
<item name="0" rev="2">
<attrib name="0" value="4"/><attrib name="0_INV" value="0"/></item>
</group>
<group name="OLOGIC">
<item name="CLK" rev="2">
<attrib name="CLK" value="1"/><attrib name="CLK_INV" value="0"/></item>
<item name="D1" rev="2">
<attrib name="D1" value="1"/><attrib name="D1_INV" value="0"/></item>
<item name="SR" rev="2">
<attrib name="SR" value="1"/><attrib name="SR_INV" value="0"/></item>
</group>
<group name="DSP48">
<item name="CARRYIN" rev="2">
<attrib name="CARRYIN" value="3"/><attrib name="CARRYIN_INV" value="0"/></item>
<item name="CARRYINSEL0" rev="2">
<attrib name="CARRYINSEL0_INV" value="0"/><attrib name="CARRYINSEL0" value="3"/></item>
<item name="CARRYINSEL1" rev="2">
<attrib name="CARRYINSEL1" value="3"/><attrib name="CARRYINSEL1_INV" value="0"/></item>
<item name="CEA" rev="2">
<attrib name="CEA_INV" value="0"/><attrib name="CEA" value="3"/></item>
<item name="CEB" rev="2">
<attrib name="CEB_INV" value="0"/><attrib name="CEB" value="3"/></item>
<item name="CECARRYIN" rev="2">
<attrib name="CECARRYIN_INV" value="0"/><attrib name="CECARRYIN" value="3"/></item>
<item name="CECINSUB" rev="2">
<attrib name="CECINSUB" value="3"/><attrib name="CECINSUB_INV" value="0"/></item>
<item name="CECTRL" rev="2">
<attrib name="CECTRL" value="3"/><attrib name="CECTRL_INV" value="0"/></item>
<item name="CEM" rev="2">
<attrib name="CEM_INV" value="0"/><attrib name="CEM" value="3"/></item>
<item name="CEP" rev="2">
<attrib name="CEP" value="3"/><attrib name="CEP_INV" value="0"/></item>
<item name="CLK" rev="2">
<attrib name="CLK" value="3"/><attrib name="CLK_INV" value="0"/></item>
<item name="OPMODE0" rev="2">
<attrib name="OPMODE0" value="3"/><attrib name="OPMODE0_INV" value="0"/></item>
<item name="OPMODE1" rev="2">
<attrib name="OPMODE1_INV" value="0"/><attrib name="OPMODE1" value="3"/></item>
<item name="OPMODE2" rev="2">
<attrib name="OPMODE2" value="3"/><attrib name="OPMODE2_INV" value="0"/></item>
<item name="OPMODE3" rev="2">
<attrib name="OPMODE3" value="3"/><attrib name="OPMODE3_INV" value="0"/></item>
<item name="OPMODE4" rev="2">
<attrib name="OPMODE4" value="3"/><attrib name="OPMODE4_INV" value="0"/></item>
<item name="OPMODE5" rev="2">
<attrib name="OPMODE5_INV" value="0"/><attrib name="OPMODE5" value="3"/></item>
<item name="OPMODE6" rev="2">
<attrib name="OPMODE6_INV" value="0"/><attrib name="OPMODE6" value="3"/></item>
<item name="RSTA" rev="2">
<attrib name="RSTA" value="3"/><attrib name="RSTA_INV" value="0"/></item>
<item name="RSTB" rev="2">
<attrib name="RSTB" value="3"/><attrib name="RSTB_INV" value="0"/></item>
<item name="RSTCARRYIN" rev="2">
<attrib name="RSTCARRYIN_INV" value="0"/><attrib name="RSTCARRYIN" value="3"/></item>
<item name="RSTCTRL" rev="2">
<attrib name="RSTCTRL" value="3"/><attrib name="RSTCTRL_INV" value="0"/></item>
<item name="RSTM" rev="2">
<attrib name="RSTM" value="3"/><attrib name="RSTM_INV" value="0"/></item>
<item name="RSTP" rev="2">
<attrib name="RSTP_INV" value="0"/><attrib name="RSTP" value="3"/></item>
<item name="SUBTRACT" rev="2">
<attrib name="SUBTRACT_INV" value="0"/><attrib name="SUBTRACT" value="3"/></item>
</group>
<group name="RAMB16_RAMB16">
<item name="CLKA" rev="2">
<attrib name="CLKA_INV" value="0"/><attrib name="CLKA" value="16"/></item>
<item name="CLKB" rev="2">
<attrib name="CLKB_INV" value="0"/><attrib name="CLKB" value="16"/></item>
<item name="DOA_REG" rev="2">
<attrib name="0" value="16"/></item>
<item name="DOB_REG" rev="2">
<attrib name="0" value="16"/></item>
<item name="ENA" rev="2">
<attrib name="ENA_INV" value="0"/><attrib name="ENA" value="16"/></item>
<item name="ENB" rev="2">
<attrib name="ENB_INV" value="0"/><attrib name="ENB" value="16"/></item>
<item name="EN_ECC_READ" rev="2">
<attrib name="FALSE" value="16"/></item>
<item name="EN_ECC_WRITE" rev="2">
<attrib name="FALSE" value="16"/></item>
<item name="INVERT_CLK_DOA_REG" rev="2">
<attrib name="FALSE" value="16"/></item>
<item name="INVERT_CLK_DOB_REG" rev="2">
<attrib name="FALSE" value="16"/></item>
<item name="RAM_EXTENSION_A" rev="2">
<attrib name="NONE" value="16"/></item>
<item name="RAM_EXTENSION_B" rev="2">
<attrib name="NONE" value="16"/></item>
<item name="READ_WIDTH_A" rev="2">
<attrib name="2" value="16"/></item>
<item name="READ_WIDTH_B" rev="2">
<attrib name="2" value="16"/></item>
<item name="REGCEA" rev="2">
<attrib name="REGCEA_INV" value="0"/><attrib name="REGCEA" value="16"/></item>
<item name="REGCEB" rev="2">
<attrib name="REGCEB_INV" value="0"/><attrib name="REGCEB" value="16"/></item>
<item name="SAVEDATA" rev="2">
<attrib name="FALSE" value="16"/></item>
<item name="SSRA" rev="2">
<attrib name="SSRA_INV" value="0"/><attrib name="SSRA" value="16"/></item>
<item name="SSRB" rev="2">
<attrib name="SSRB_INV" value="0"/><attrib name="SSRB" value="16"/></item>
<item name="WEA0" rev="2">
<attrib name="WEA0" value="16"/><attrib name="WEA0_INV" value="0"/></item>
<item name="WEA1" rev="2">
<attrib name="WEA1" value="16"/><attrib name="WEA1_INV" value="0"/></item>
<item name="WEA2" rev="2">
<attrib name="WEA2" value="16"/><attrib name="WEA2_INV" value="0"/></item>
<item name="WEA3" rev="2">
<attrib name="WEA3_INV" value="0"/><attrib name="WEA3" value="16"/></item>
<item name="WEB0" rev="2">
<attrib name="WEB0" value="16"/><attrib name="WEB0_INV" value="0"/></item>
<item name="WEB1" rev="2">
<attrib name="WEB1" value="16"/><attrib name="WEB1_INV" value="0"/></item>
<item name="WEB2" rev="2">
<attrib name="WEB2_INV" value="0"/><attrib name="WEB2" value="16"/></item>
<item name="WEB3" rev="2">
<attrib name="WEB3" value="16"/><attrib name="WEB3_INV" value="0"/></item>
<item name="WRITE_MODE_A" rev="2">
<attrib name="WRITE_FIRST" value="16"/></item>
<item name="WRITE_MODE_B" rev="2">
<attrib name="WRITE_FIRST" value="16"/></item>
<item name="WRITE_WIDTH_A" rev="2">
<attrib name="2" value="16"/></item>
<item name="WRITE_WIDTH_B" rev="2">
<attrib name="2" value="16"/></item>
</group>
</ReportConfigData>
<ReportPinData TimeStamp="Tue Jan 27 14:23:03 2015"><group name="SLICEL_CYMUXF">
<item name="0" rev="2">
<attrib name="value" value="100"/></item>
<item name="1" rev="2">
<attrib name="value" value="101"/></item>
<item name="OUT" rev="2">
<attrib name="value" value="101"/></item>
<item name="S0" rev="2">
<attrib name="value" value="101"/></item>
</group>
<group name="SLICEL_CYMUXG">
<item name="0" rev="2">
<attrib name="value" value="92"/></item>
<item name="1" rev="2">
<attrib name="value" value="93"/></item>
<item name="OUT" rev="2">
<attrib name="value" value="93"/></item>
<item name="S0" rev="2">
<attrib name="value" value="93"/></item>
</group>
<group name="SLICEM_FMC15_BLACKBOX">
<item name="MC15" rev="2">
<attrib name="value" value="3"/></item>
<item name="WS2" rev="2">
<attrib name="value" value="3"/></item>
</group>
<group name="BUFG_GCLK_BUFFER">
<item name="IN" rev="2">
<attrib name="value" value="2"/></item>
<item name="OUT" rev="2">
<attrib name="value" value="2"/></item>
</group>
<group name="SLICEM_F">
<item name="A1" rev="2">
<attrib name="value" value="259"/></item>
<item name="A2" rev="2">
<attrib name="value" value="259"/></item>
<item name="A3" rev="2">
<attrib name="value" value="258"/></item>
<item name="A4" rev="2">
<attrib name="value" value="253"/></item>
<item name="D" rev="2">
<attrib name="value" value="259"/></item>
<item name="DI" rev="2">
<attrib name="value" value="253"/></item>
<item name="WF1" rev="2">
<attrib name="value" value="192"/></item>
<item name="WF2" rev="2">
<attrib name="value" value="192"/></item>
<item name="WF3" rev="2">
<attrib name="value" value="192"/></item>
<item name="WF4" rev="2">
<attrib name="value" value="192"/></item>
<item name="WS" rev="2">
<attrib name="value" value="253"/></item>
</group>
<group name="SLICEM_G">
<item name="A1" rev="2">
<attrib name="value" value="266"/></item>
<item name="A2" rev="2">
<attrib name="value" value="266"/></item>
<item name="A3" rev="2">
<attrib name="value" value="266"/></item>
<item name="A4" rev="2">
<attrib name="value" value="262"/></item>
<item name="D" rev="2">
<attrib name="value" value="74"/></item>
<item name="DI" rev="2">
<attrib name="value" value="262"/></item>
<item name="WG1" rev="2">
<attrib name="value" value="192"/></item>
<item name="WG2" rev="2">
<attrib name="value" value="192"/></item>
<item name="WG3" rev="2">
<attrib name="value" value="192"/></item>
<item name="WG4" rev="2">
<attrib name="value" value="192"/></item>
<item name="WS" rev="2">
<attrib name="value" value="262"/></item>
</group>
<group name="DCM_ADV_DCM_ADV">
<item name="CLK0" rev="2">
<attrib name="value" value="8"/></item>
<item name="CLKFB" rev="2">
<attrib name="value" value="8"/></item>
<item name="CLKIN" rev="2">
<attrib name="value" value="8"/></item>
<item name="CTLMODE" rev="2">
<attrib name="value" value="7"/></item>
<item name="DADDR0" rev="2">
<attrib name="value" value="1"/></item>
<item name="DADDR1" rev="2">
<attrib name="value" value="1"/></item>
<item name="DADDR2" rev="2">
<attrib name="value" value="1"/></item>
<item name="DADDR3" rev="2">
<attrib name="value" value="1"/></item>
<item name="DADDR4" rev="2">
<attrib name="value" value="1"/></item>
<item name="DADDR5" rev="2">
<attrib name="value" value="1"/></item>
<item name="DADDR6" rev="2">
<attrib name="value" value="1"/></item>
<item name="DCLK" rev="2">
<attrib name="value" value="1"/></item>
<item name="DEN" rev="2">
<attrib name="value" value="1"/></item>
<item name="DI0" rev="2">
<attrib name="value" value="1"/></item>
<item name="DI1" rev="2">
<attrib name="value" value="1"/></item>
<item name="DI10" rev="2">
<attrib name="value" value="1"/></item>
<item name="DI11" rev="2">
<attrib name="value" value="1"/></item>
<item name="DI12" rev="2">
<attrib name="value" value="1"/></item>
<item name="DI13" rev="2">
<attrib name="value" value="1"/></item>
<item name="DI14" rev="2">
<attrib name="value" value="1"/></item>
<item name="DI15" rev="2">
<attrib name="value" value="1"/></item>
<item name="DI2" rev="2">
<attrib name="value" value="1"/></item>
<item name="DI3" rev="2">
<attrib name="value" value="1"/></item>
<item name="DI4" rev="2">
<attrib name="value" value="1"/></item>
<item name="DI5" rev="2">
<attrib name="value" value="1"/></item>
<item name="DI6" rev="2">
<attrib name="value" value="1"/></item>
<item name="DI7" rev="2">
<attrib name="value" value="1"/></item>
<item name="DI8" rev="2">
<attrib name="value" value="1"/></item>
<item name="DI9" rev="2">
<attrib name="value" value="1"/></item>
<item name="DWE" rev="2">
<attrib name="value" value="1"/></item>
<item name="LOCKED" rev="2">
<attrib name="value" value="1"/></item>
<item name="PSCLK" rev="2">
<attrib name="value" value="1"/></item>
<item name="PSEN" rev="2">
<attrib name="value" value="8"/></item>
<item name="PSINCDEC" rev="2">
<attrib name="value" value="1"/></item>
<item name="RST" rev="2">
<attrib name="value" value="1"/></item>
</group>
<group name="SLICEM_F6MUX">
<item name="0" rev="2">
<attrib name="value" value="4"/></item>
<item name="1" rev="2">
<attrib name="value" value="4"/></item>
<item name="OUT" rev="2">
<attrib name="value" value="4"/></item>
<item name="S0" rev="2">
<attrib name="value" value="4"/></item>
</group>
<group name="SLICEL">
<item name="BX" rev="2">
<attrib name="value" value="578"/></item>
<item name="BY" rev="2">
<attrib name="value" value="622"/></item>
<item name="CE" rev="2">
<attrib name="value" value="813"/></item>
<item name="CIN" rev="2">
<attrib name="value" value="85"/></item>
<item name="CLK" rev="2">
<attrib name="value" value="1309"/></item>
<item name="COUT" rev="2">
<attrib name="value" value="93"/></item>
<item name="F1" rev="2">
<attrib name="value" value="1149"/></item>
<item name="F2" rev="2">
<attrib name="value" value="1069"/></item>
<item name="F3" rev="2">
<attrib name="value" value="1014"/></item>
<item name="F4" rev="2">
<attrib name="value" value="488"/></item>
<item name="F5" rev="2">
<attrib name="value" value="8"/></item>
<item name="FX" rev="2">
<attrib name="value" value="2"/></item>
<item name="FXINA" rev="2">
<attrib name="value" value="5"/></item>
<item name="FXINB" rev="2">
<attrib name="value" value="5"/></item>
<item name="G1" rev="2">
<attrib name="value" value="1222"/></item>
<item name="G2" rev="2">
<attrib name="value" value="1152"/></item>
<item name="G3" rev="2">
<attrib name="value" value="1024"/></item>
<item name="G4" rev="2">
<attrib name="value" value="477"/></item>
<item name="SR" rev="2">
<attrib name="value" value="1083"/></item>
<item name="X" rev="2">
<attrib name="value" value="429"/></item>
<item name="XB" rev="2">
<attrib name="value" value="11"/></item>
<item name="XMUX" rev="2">
<attrib name="value" value="300"/></item>
<item name="XQ" rev="2">
<attrib name="value" value="683"/></item>
<item name="Y" rev="2">
<attrib name="value" value="542"/></item>
<item name="YMUX" rev="2">
<attrib name="value" value="55"/></item>
<item name="YQ" rev="2">
<attrib name="value" value="838"/></item>
</group>
<group name="SLICEM">
<item name="BX" rev="2">
<attrib name="value" value="65"/></item>
<item name="BY" rev="2">
<attrib name="value" value="266"/></item>
<item name="CE" rev="2">
<attrib name="value" value="3"/></item>
<item name="CIN" rev="2">
<attrib name="value" value="3"/></item>
<item name="CLK" rev="2">
<attrib name="value" value="262"/></item>
<item name="COUT" rev="2">
<attrib name="value" value="4"/></item>
<item name="F1" rev="2">
<attrib name="value" value="259"/></item>
<item name="F2" rev="2">
<attrib name="value" value="259"/></item>
<item name="F3" rev="2">
<attrib name="value" value="258"/></item>
<item name="F4" rev="2">
<attrib name="value" value="253"/></item>
<item name="F5" rev="2">
<attrib name="value" value="4"/></item>
<item name="FX" rev="2">
<attrib name="value" value="4"/></item>
<item name="FXINA" rev="2">
<attrib name="value" value="4"/></item>
<item name="FXINB" rev="2">
<attrib name="value" value="4"/></item>
<item name="G1" rev="2">
<attrib name="value" value="266"/></item>
<item name="G2" rev="2">
<attrib name="value" value="266"/></item>
<item name="G3" rev="2">
<attrib name="value" value="266"/></item>
<item name="G4" rev="2">
<attrib name="value" value="262"/></item>
<item name="SHIFTIN" rev="2">
<attrib name="value" value="2"/></item>
<item name="SHIFTOUT" rev="2">
<attrib name="value" value="2"/></item>
<item name="SR" rev="2">
<attrib name="value" value="262"/></item>
<item name="X" rev="2">
<attrib name="value" value="251"/></item>
<item name="XB" rev="2">
<attrib name="value" value="1"/></item>
<item name="XQ" rev="2">
<attrib name="value" value="3"/></item>
<item name="Y" rev="2">
<attrib name="value" value="62"/></item>
<item name="YQ" rev="2">
<attrib name="value" value="6"/></item>
</group>
<group name="SLICEL_F6MUX">
<item name="0" rev="2">
<attrib name="value" value="5"/></item>
<item name="1" rev="2">
<attrib name="value" value="5"/></item>
<item name="OUT" rev="2">
<attrib name="value" value="5"/></item>
<item name="S0" rev="2">
<attrib name="value" value="5"/></item>
</group>
<group name="RAMB16">
<item name="ADDRA1" rev="2">
<attrib name="value" value="16"/></item>
<item name="ADDRA10" rev="2">
<attrib name="value" value="16"/></item>
<item name="ADDRA11" rev="2">
<attrib name="value" value="16"/></item>
<item name="ADDRA12" rev="2">
<attrib name="value" value="16"/></item>
<item name="ADDRA13" rev="2">
<attrib name="value" value="16"/></item>
<item name="ADDRA2" rev="2">
<attrib name="value" value="16"/></item>
<item name="ADDRA3" rev="2">
<attrib name="value" value="16"/></item>
<item name="ADDRA4" rev="2">
<attrib name="value" value="16"/></item>
<item name="ADDRA5" rev="2">
<attrib name="value" value="16"/></item>
<item name="ADDRA6" rev="2">
<attrib name="value" value="16"/></item>
<item name="ADDRA7" rev="2">
<attrib name="value" value="16"/></item>
<item name="ADDRA8" rev="2">
<attrib name="value" value="16"/></item>
<item name="ADDRA9" rev="2">
<attrib name="value" value="16"/></item>
<item name="ADDRB1" rev="2">
<attrib name="value" value="16"/></item>
<item name="ADDRB10" rev="2">
<attrib name="value" value="16"/></item>
<item name="ADDRB11" rev="2">
<attrib name="value" value="16"/></item>
<item name="ADDRB12" rev="2">
<attrib name="value" value="16"/></item>
<item name="ADDRB13" rev="2">
<attrib name="value" value="16"/></item>
<item name="ADDRB2" rev="2">
<attrib name="value" value="16"/></item>
<item name="ADDRB3" rev="2">
<attrib name="value" value="16"/></item>
<item name="ADDRB4" rev="2">
<attrib name="value" value="16"/></item>
<item name="ADDRB5" rev="2">
<attrib name="value" value="16"/></item>
<item name="ADDRB6" rev="2">
<attrib name="value" value="16"/></item>
<item name="ADDRB7" rev="2">
<attrib name="value" value="16"/></item>
<item name="ADDRB8" rev="2">
<attrib name="value" value="16"/></item>
<item name="ADDRB9" rev="2">
<attrib name="value" value="16"/></item>
<item name="CLKA" rev="2">
<attrib name="value" value="16"/></item>
<item name="CLKB" rev="2">
<attrib name="value" value="16"/></item>
<item name="DIA0" rev="2">
<attrib name="value" value="16"/></item>
<item name="DIA1" rev="2">
<attrib name="value" value="16"/></item>
<item name="DIB0" rev="2">
<attrib name="value" value="16"/></item>
<item name="DIB1" rev="2">
<attrib name="value" value="16"/></item>
<item name="DOA0" rev="2">
<attrib name="value" value="16"/></item>
<item name="DOA1" rev="2">
<attrib name="value" value="16"/></item>
<item name="DOB0" rev="2">
<attrib name="value" value="16"/></item>
<item name="DOB1" rev="2">
<attrib name="value" value="16"/></item>
<item name="ENA" rev="2">
<attrib name="value" value="16"/></item>
<item name="ENB" rev="2">
<attrib name="value" value="16"/></item>
<item name="REGCEA" rev="2">
<attrib name="value" value="16"/></item>
<item name="REGCEB" rev="2">
<attrib name="value" value="16"/></item>
<item name="SSRA" rev="2">
<attrib name="value" value="16"/></item>
<item name="SSRB" rev="2">
<attrib name="value" value="16"/></item>
<item name="WEA0" rev="2">
<attrib name="value" value="16"/></item>
<item name="WEA1" rev="2">
<attrib name="value" value="16"/></item>
<item name="WEA2" rev="2">
<attrib name="value" value="16"/></item>
<item name="WEA3" rev="2">
<attrib name="value" value="16"/></item>
<item name="WEB0" rev="2">
<attrib name="value" value="16"/></item>
<item name="WEB1" rev="2">
<attrib name="value" value="16"/></item>
<item name="WEB2" rev="2">
<attrib name="value" value="16"/></item>
<item name="WEB3" rev="2">
<attrib name="value" value="16"/></item>
</group>
<group name="SLICEM_GNDF">
<item name="0" rev="2">
<attrib name="value" value="4"/></item>
</group>
<group name="SLICEM_GNDG">
<item name="0" rev="2">
<attrib name="value" value="4"/></item>
</group>
<group name="IOB_OUTBUF">
<item name="IN" rev="2">
<attrib name="value" value="4"/></item>
<item name="OUT" rev="2">
<attrib name="value" value="4"/></item>
</group>
<group name="BSCAN">
<item name="CAPTURE" rev="2">
<attrib name="value" value="1"/></item>
<item name="DRCK" rev="2">
<attrib name="value" value="1"/></item>
<item name="SEL" rev="2">
<attrib name="value" value="1"/></item>
<item name="SHIFT" rev="2">
<attrib name="value" value="1"/></item>
<item name="TDI" rev="2">
<attrib name="value" value="1"/></item>
<item name="TDO" rev="2">
<attrib name="value" value="1"/></item>
<item name="UPDATE" rev="2">
<attrib name="value" value="1"/></item>
</group>
<group name="PMV_PMV">
<item name="A0" rev="2">
<attrib name="value" value="1"/></item>
<item name="A1" rev="2">
<attrib name="value" value="1"/></item>
<item name="A2" rev="2">
<attrib name="value" value="1"/></item>
<item name="A3" rev="2">
<attrib name="value" value="1"/></item>
<item name="A4" rev="2">
<attrib name="value" value="1"/></item>
<item name="A5" rev="2">
<attrib name="value" value="1"/></item>
<item name="EN" rev="2">
<attrib name="value" value="1"/></item>
<item name="ODIV4" rev="2">
<attrib name="value" value="1"/></item>
</group>
<group name="ILOGIC_IFF1">
<item name="CK" rev="2">
<attrib name="value" value="1"/></item>
<item name="D" rev="2">
<attrib name="value" value="1"/></item>
<item name="Q" rev="2">
<attrib name="value" value="1"/></item>
<item name="SR" rev="2">
<attrib name="value" value="1"/></item>
</group>
<group name="BSCAN_BSCAN">
<item name="CAPTURE" rev="2">
<attrib name="value" value="1"/></item>
<item name="DRCK" rev="2">
<attrib name="value" value="1"/></item>
<item name="SEL" rev="2">
<attrib name="value" value="1"/></item>
<item name="SHIFT" rev="2">
<attrib name="value" value="1"/></item>
<item name="TDI" rev="2">
<attrib name="value" value="1"/></item>
<item name="TDO" rev="2">
<attrib name="value" value="1"/></item>
<item name="UPDATE" rev="2">
<attrib name="value" value="1"/></item>
</group>
<group name="DSP48_DSP48">
<item name="A0" rev="2">
<attrib name="value" value="3"/></item>
<item name="A1" rev="2">
<attrib name="value" value="3"/></item>
<item name="A10" rev="2">
<attrib name="value" value="3"/></item>
<item name="A11" rev="2">
<attrib name="value" value="3"/></item>
<item name="A12" rev="2">
<attrib name="value" value="3"/></item>
<item name="A13" rev="2">
<attrib name="value" value="3"/></item>
<item name="A14" rev="2">
<attrib name="value" value="3"/></item>
<item name="A15" rev="2">
<attrib name="value" value="3"/></item>
<item name="A16" rev="2">
<attrib name="value" value="3"/></item>
<item name="A17" rev="2">
<attrib name="value" value="3"/></item>
<item name="A2" rev="2">
<attrib name="value" value="3"/></item>
<item name="A3" rev="2">
<attrib name="value" value="3"/></item>
<item name="A4" rev="2">
<attrib name="value" value="3"/></item>
<item name="A5" rev="2">
<attrib name="value" value="3"/></item>
<item name="A6" rev="2">
<attrib name="value" value="3"/></item>
<item name="A7" rev="2">
<attrib name="value" value="3"/></item>
<item name="A8" rev="2">
<attrib name="value" value="3"/></item>
<item name="A9" rev="2">
<attrib name="value" value="3"/></item>
<item name="B0" rev="2">
<attrib name="value" value="3"/></item>
<item name="B1" rev="2">
<attrib name="value" value="3"/></item>
<item name="B10" rev="2">
<attrib name="value" value="3"/></item>
<item name="B11" rev="2">
<attrib name="value" value="3"/></item>
<item name="B12" rev="2">
<attrib name="value" value="3"/></item>
<item name="B13" rev="2">
<attrib name="value" value="3"/></item>
<item name="B14" rev="2">
<attrib name="value" value="3"/></item>
<item name="B15" rev="2">
<attrib name="value" value="3"/></item>
<item name="B16" rev="2">
<attrib name="value" value="3"/></item>
<item name="B17" rev="2">
<attrib name="value" value="3"/></item>
<item name="B2" rev="2">
<attrib name="value" value="3"/></item>
<item name="B3" rev="2">
<attrib name="value" value="3"/></item>
<item name="B4" rev="2">
<attrib name="value" value="3"/></item>
<item name="B5" rev="2">
<attrib name="value" value="3"/></item>
<item name="B6" rev="2">
<attrib name="value" value="3"/></item>
<item name="B7" rev="2">
<attrib name="value" value="3"/></item>
<item name="B8" rev="2">
<attrib name="value" value="3"/></item>
<item name="B9" rev="2">
<attrib name="value" value="3"/></item>
<item name="CARRYIN" rev="2">
<attrib name="value" value="3"/></item>
<item name="CARRYINSEL0" rev="2">
<attrib name="value" value="3"/></item>
<item name="CARRYINSEL1" rev="2">
<attrib name="value" value="3"/></item>
<item name="CEA" rev="2">
<attrib name="value" value="3"/></item>
<item name="CEB" rev="2">
<attrib name="value" value="3"/></item>
<item name="CECARRYIN" rev="2">
<attrib name="value" value="3"/></item>
<item name="CECINSUB" rev="2">
<attrib name="value" value="3"/></item>
<item name="CECTRL" rev="2">
<attrib name="value" value="3"/></item>
<item name="CEM" rev="2">
<attrib name="value" value="3"/></item>
<item name="CEP" rev="2">
<attrib name="value" value="3"/></item>
<item name="CLK" rev="2">
<attrib name="value" value="3"/></item>
<item name="OPMODE0" rev="2">
<attrib name="value" value="3"/></item>
<item name="OPMODE1" rev="2">
<attrib name="value" value="3"/></item>
<item name="OPMODE2" rev="2">
<attrib name="value" value="3"/></item>
<item name="OPMODE3" rev="2">
<attrib name="value" value="3"/></item>
<item name="OPMODE4" rev="2">
<attrib name="value" value="3"/></item>
<item name="OPMODE5" rev="2">
<attrib name="value" value="3"/></item>
<item name="OPMODE6" rev="2">
<attrib name="value" value="3"/></item>
<item name="P0" rev="2">
<attrib name="value" value="2"/></item>
<item name="P1" rev="2">
<attrib name="value" value="2"/></item>
<item name="P10" rev="2">
<attrib name="value" value="2"/></item>
<item name="P11" rev="2">
<attrib name="value" value="2"/></item>
<item name="P12" rev="2">
<attrib name="value" value="2"/></item>
<item name="P13" rev="2">
<attrib name="value" value="2"/></item>
<item name="P14" rev="2">
<attrib name="value" value="2"/></item>
<item name="P15" rev="2">
<attrib name="value" value="1"/></item>
<item name="P16" rev="2">
<attrib name="value" value="1"/></item>
<item name="P2" rev="2">
<attrib name="value" value="2"/></item>
<item name="P3" rev="2">
<attrib name="value" value="2"/></item>
<item name="P4" rev="2">
<attrib name="value" value="2"/></item>
<item name="P5" rev="2">
<attrib name="value" value="2"/></item>
<item name="P6" rev="2">
<attrib name="value" value="2"/></item>
<item name="P7" rev="2">
<attrib name="value" value="2"/></item>
<item name="P8" rev="2">
<attrib name="value" value="2"/></item>
<item name="P9" rev="2">
<attrib name="value" value="2"/></item>
<item name="PCIN0" rev="2">
<attrib name="value" value="2"/></item>
<item name="PCIN1" rev="2">
<attrib name="value" value="2"/></item>
<item name="PCIN10" rev="2">
<attrib name="value" value="2"/></item>
<item name="PCIN11" rev="2">
<attrib name="value" value="2"/></item>
<item name="PCIN12" rev="2">
<attrib name="value" value="2"/></item>
<item name="PCIN13" rev="2">
<attrib name="value" value="2"/></item>
<item name="PCIN14" rev="2">
<attrib name="value" value="2"/></item>
<item name="PCIN15" rev="2">
<attrib name="value" value="2"/></item>
<item name="PCIN16" rev="2">
<attrib name="value" value="2"/></item>
<item name="PCIN17" rev="2">
<attrib name="value" value="2"/></item>
<item name="PCIN18" rev="2">
<attrib name="value" value="2"/></item>
<item name="PCIN19" rev="2">
<attrib name="value" value="2"/></item>
<item name="PCIN2" rev="2">
<attrib name="value" value="2"/></item>
<item name="PCIN20" rev="2">
<attrib name="value" value="2"/></item>
<item name="PCIN21" rev="2">
<attrib name="value" value="2"/></item>
<item name="PCIN22" rev="2">
<attrib name="value" value="2"/></item>
<item name="PCIN23" rev="2">
<attrib name="value" value="2"/></item>
<item name="PCIN24" rev="2">
<attrib name="value" value="2"/></item>
<item name="PCIN25" rev="2">
<attrib name="value" value="2"/></item>
<item name="PCIN26" rev="2">
<attrib name="value" value="2"/></item>
<item name="PCIN27" rev="2">
<attrib name="value" value="2"/></item>
<item name="PCIN28" rev="2">
<attrib name="value" value="2"/></item>
<item name="PCIN29" rev="2">
<attrib name="value" value="2"/></item>
<item name="PCIN3" rev="2">
<attrib name="value" value="2"/></item>
<item name="PCIN30" rev="2">
<attrib name="value" value="2"/></item>
<item name="PCIN31" rev="2">
<attrib name="value" value="2"/></item>
<item name="PCIN32" rev="2">
<attrib name="value" value="2"/></item>
<item name="PCIN33" rev="2">
<attrib name="value" value="2"/></item>
<item name="PCIN34" rev="2">
<attrib name="value" value="2"/></item>
<item name="PCIN35" rev="2">
<attrib name="value" value="2"/></item>
<item name="PCIN36" rev="2">
<attrib name="value" value="2"/></item>
<item name="PCIN37" rev="2">
<attrib name="value" value="2"/></item>
<item name="PCIN38" rev="2">
<attrib name="value" value="2"/></item>
<item name="PCIN39" rev="2">
<attrib name="value" value="2"/></item>
<item name="PCIN4" rev="2">
<attrib name="value" value="2"/></item>
<item name="PCIN40" rev="2">
<attrib name="value" value="2"/></item>
<item name="PCIN41" rev="2">
<attrib name="value" value="2"/></item>
<item name="PCIN42" rev="2">
<attrib name="value" value="2"/></item>
<item name="PCIN43" rev="2">
<attrib name="value" value="2"/></item>
<item name="PCIN44" rev="2">
<attrib name="value" value="2"/></item>
<item name="PCIN45" rev="2">
<attrib name="value" value="2"/></item>
<item name="PCIN46" rev="2">
<attrib name="value" value="2"/></item>
<item name="PCIN47" rev="2">
<attrib name="value" value="2"/></item>
<item name="PCIN5" rev="2">
<attrib name="value" value="2"/></item>
<item name="PCIN6" rev="2">
<attrib name="value" value="2"/></item>
<item name="PCIN7" rev="2">
<attrib name="value" value="2"/></item>
<item name="PCIN8" rev="2">
<attrib name="value" value="2"/></item>
<item name="PCIN9" rev="2">
<attrib name="value" value="2"/></item>
<item name="PCOUT0" rev="2">
<attrib name="value" value="2"/></item>
<item name="PCOUT1" rev="2">
<attrib name="value" value="2"/></item>
<item name="PCOUT10" rev="2">
<attrib name="value" value="2"/></item>
<item name="PCOUT11" rev="2">
<attrib name="value" value="2"/></item>
<item name="PCOUT12" rev="2">
<attrib name="value" value="2"/></item>
<item name="PCOUT13" rev="2">
<attrib name="value" value="2"/></item>
<item name="PCOUT14" rev="2">
<attrib name="value" value="2"/></item>
<item name="PCOUT15" rev="2">
<attrib name="value" value="2"/></item>
<item name="PCOUT16" rev="2">
<attrib name="value" value="2"/></item>
<item name="PCOUT17" rev="2">
<attrib name="value" value="2"/></item>
<item name="PCOUT18" rev="2">
<attrib name="value" value="2"/></item>
<item name="PCOUT19" rev="2">
<attrib name="value" value="2"/></item>
<item name="PCOUT2" rev="2">
<attrib name="value" value="2"/></item>
<item name="PCOUT20" rev="2">
<attrib name="value" value="2"/></item>
<item name="PCOUT21" rev="2">
<attrib name="value" value="2"/></item>
<item name="PCOUT22" rev="2">
<attrib name="value" value="2"/></item>
<item name="PCOUT23" rev="2">
<attrib name="value" value="2"/></item>
<item name="PCOUT24" rev="2">
<attrib name="value" value="2"/></item>
<item name="PCOUT25" rev="2">
<attrib name="value" value="2"/></item>
<item name="PCOUT26" rev="2">
<attrib name="value" value="2"/></item>
<item name="PCOUT27" rev="2">
<attrib name="value" value="2"/></item>
<item name="PCOUT28" rev="2">
<attrib name="value" value="2"/></item>
<item name="PCOUT29" rev="2">
<attrib name="value" value="2"/></item>
<item name="PCOUT3" rev="2">
<attrib name="value" value="2"/></item>
<item name="PCOUT30" rev="2">
<attrib name="value" value="2"/></item>
<item name="PCOUT31" rev="2">
<attrib name="value" value="2"/></item>
<item name="PCOUT32" rev="2">
<attrib name="value" value="2"/></item>
<item name="PCOUT33" rev="2">
<attrib name="value" value="2"/></item>
<item name="PCOUT34" rev="2">
<attrib name="value" value="2"/></item>
<item name="PCOUT35" rev="2">
<attrib name="value" value="2"/></item>
<item name="PCOUT36" rev="2">
<attrib name="value" value="2"/></item>
<item name="PCOUT37" rev="2">
<attrib name="value" value="2"/></item>
<item name="PCOUT38" rev="2">
<attrib name="value" value="2"/></item>
<item name="PCOUT39" rev="2">
<attrib name="value" value="2"/></item>
<item name="PCOUT4" rev="2">
<attrib name="value" value="2"/></item>
<item name="PCOUT40" rev="2">
<attrib name="value" value="2"/></item>
<item name="PCOUT41" rev="2">
<attrib name="value" value="2"/></item>
<item name="PCOUT42" rev="2">
<attrib name="value" value="2"/></item>
<item name="PCOUT43" rev="2">
<attrib name="value" value="2"/></item>
<item name="PCOUT44" rev="2">
<attrib name="value" value="2"/></item>
<item name="PCOUT45" rev="2">
<attrib name="value" value="2"/></item>
<item name="PCOUT46" rev="2">
<attrib name="value" value="2"/></item>
<item name="PCOUT47" rev="2">
<attrib name="value" value="2"/></item>
<item name="PCOUT5" rev="2">
<attrib name="value" value="2"/></item>
<item name="PCOUT6" rev="2">
<attrib name="value" value="2"/></item>
<item name="PCOUT7" rev="2">
<attrib name="value" value="2"/></item>
<item name="PCOUT8" rev="2">
<attrib name="value" value="2"/></item>
<item name="PCOUT9" rev="2">
<attrib name="value" value="2"/></item>
<item name="RSTA" rev="2">
<attrib name="value" value="3"/></item>
<item name="RSTB" rev="2">
<attrib name="value" value="3"/></item>
<item name="RSTCARRYIN" rev="2">
<attrib name="value" value="3"/></item>
<item name="RSTCTRL" rev="2">
<attrib name="value" value="3"/></item>
<item name="RSTM" rev="2">
<attrib name="value" value="3"/></item>
<item name="RSTP" rev="2">
<attrib name="value" value="3"/></item>
<item name="SUBTRACT" rev="2">
<attrib name="value" value="3"/></item>
</group>
<group name="IOB_INBUF">
<item name="OUT" rev="2">
<attrib name="value" value="5"/></item>
<item name="PAD" rev="2">
<attrib name="value" value="5"/></item>
</group>
<group name="SLICEM_F5MUX">
<item name="0" rev="2">
<attrib name="value" value="4"/></item>
<item name="1" rev="2">
<attrib name="value" value="4"/></item>
<item name="OUT" rev="2">
<attrib name="value" value="4"/></item>
<item name="S0" rev="2">
<attrib name="value" value="4"/></item>
</group>
<group name="SLICEL_C2VDD">
<item name="1" rev="2">
<attrib name="value" value="1"/></item>
</group>
<group name="SLICEL_XORF">
<item name="0" rev="2">
<attrib name="value" value="60"/></item>
<item name="1" rev="2">
<attrib name="value" value="60"/></item>
<item name="O" rev="2">
<attrib name="value" value="60"/></item>
</group>
<group name="SLICEL_FFX">
<item name="CE" rev="2">
<attrib name="value" value="453"/></item>
<item name="CK" rev="2">
<attrib name="value" value="683"/></item>
<item name="D" rev="2">
<attrib name="value" value="683"/></item>
<item name="Q" rev="2">
<attrib name="value" value="683"/></item>
<item name="REV" rev="2">
<attrib name="value" value="6"/></item>
<item name="SR" rev="2">
<attrib name="value" value="611"/></item>
</group>
<group name="SLICEL_FFY">
<item name="CE" rev="2">
<attrib name="value" value="496"/></item>
<item name="CK" rev="2">
<attrib name="value" value="838"/></item>
<item name="D" rev="2">
<attrib name="value" value="838"/></item>
<item name="Q" rev="2">
<attrib name="value" value="838"/></item>
<item name="REV" rev="2">
<attrib name="value" value="8"/></item>
<item name="SR" rev="2">
<attrib name="value" value="649"/></item>
</group>
<group name="SLICEL_XORG">
<item name="0" rev="2">
<attrib name="value" value="60"/></item>
<item name="1" rev="2">
<attrib name="value" value="60"/></item>
<item name="O" rev="2">
<attrib name="value" value="60"/></item>
</group>
<group name="SLICEL_F5MUX">
<item name="0" rev="2">
<attrib name="value" value="425"/></item>
<item name="1" rev="2">
<attrib name="value" value="425"/></item>
<item name="OUT" rev="2">
<attrib name="value" value="425"/></item>
<item name="S0" rev="2">
<attrib name="value" value="425"/></item>
</group>
<group name="DCM_ADV">
<item name="CLK0" rev="2">
<attrib name="value" value="8"/></item>
<item name="CLKFB" rev="2">
<attrib name="value" value="8"/></item>
<item name="CLKIN" rev="2">
<attrib name="value" value="8"/></item>
<item name="CTLMODE" rev="2">
<attrib name="value" value="7"/></item>
<item name="DADDR0" rev="2">
<attrib name="value" value="1"/></item>
<item name="DADDR1" rev="2">
<attrib name="value" value="1"/></item>
<item name="DADDR2" rev="2">
<attrib name="value" value="1"/></item>
<item name="DADDR3" rev="2">
<attrib name="value" value="1"/></item>
<item name="DADDR4" rev="2">
<attrib name="value" value="1"/></item>
<item name="DADDR5" rev="2">
<attrib name="value" value="1"/></item>
<item name="DADDR6" rev="2">
<attrib name="value" value="1"/></item>
<item name="DCLK" rev="2">
<attrib name="value" value="1"/></item>
<item name="DEN" rev="2">
<attrib name="value" value="1"/></item>
<item name="DI0" rev="2">
<attrib name="value" value="1"/></item>
<item name="DI1" rev="2">
<attrib name="value" value="1"/></item>
<item name="DI10" rev="2">
<attrib name="value" value="1"/></item>
<item name="DI11" rev="2">
<attrib name="value" value="1"/></item>
<item name="DI12" rev="2">
<attrib name="value" value="1"/></item>
<item name="DI13" rev="2">
<attrib name="value" value="1"/></item>
<item name="DI14" rev="2">
<attrib name="value" value="1"/></item>
<item name="DI15" rev="2">
<attrib name="value" value="1"/></item>
<item name="DI2" rev="2">
<attrib name="value" value="1"/></item>
<item name="DI3" rev="2">
<attrib name="value" value="1"/></item>
<item name="DI4" rev="2">
<attrib name="value" value="1"/></item>
<item name="DI5" rev="2">
<attrib name="value" value="1"/></item>
<item name="DI6" rev="2">
<attrib name="value" value="1"/></item>
<item name="DI7" rev="2">
<attrib name="value" value="1"/></item>
<item name="DI8" rev="2">
<attrib name="value" value="1"/></item>
<item name="DI9" rev="2">
<attrib name="value" value="1"/></item>
<item name="DWE" rev="2">
<attrib name="value" value="1"/></item>
<item name="LOCKED" rev="2">
<attrib name="value" value="1"/></item>
<item name="PSCLK" rev="2">
<attrib name="value" value="1"/></item>
<item name="PSEN" rev="2">
<attrib name="value" value="8"/></item>
<item name="PSINCDEC" rev="2">
<attrib name="value" value="1"/></item>
<item name="RST" rev="2">
<attrib name="value" value="1"/></item>
</group>
<group name="SLICEL_GAND">
<item name="0" rev="2">
<attrib name="value" value="17"/></item>
<item name="1" rev="2">
<attrib name="value" value="17"/></item>
<item name="O" rev="2">
<attrib name="value" value="17"/></item>
</group>
<group name="SLICEM_GMC15_BLACKBOX">
<item name="MC15" rev="2">
<attrib name="value" value="4"/></item>
<item name="WS2" rev="2">
<attrib name="value" value="4"/></item>
</group>
<group name="ILOGIC">
<item name="CLK" rev="2">
<attrib name="value" value="1"/></item>
<item name="D" rev="2">
<attrib name="value" value="1"/></item>
<item name="Q1" rev="2">
<attrib name="value" value="1"/></item>
<item name="SR" rev="2">
<attrib name="value" value="1"/></item>
</group>
<group name="SLICEM_WSGEN">
<item name="CK" rev="2">
<attrib name="value" value="262"/></item>
<item name="WE" rev="2">
<attrib name="value" value="262"/></item>
<item name="WSF" rev="2">
<attrib name="value" value="253"/></item>
<item name="WSG" rev="2">
<attrib name="value" value="262"/></item>
</group>
<group name="SLICEM_FFX">
<item name="CE" rev="2">
<attrib name="value" value="2"/></item>
<item name="CK" rev="2">
<attrib name="value" value="3"/></item>
<item name="D" rev="2">
<attrib name="value" value="3"/></item>
<item name="Q" rev="2">
<attrib name="value" value="3"/></item>
</group>
<group name="SLICEM_FFY">
<item name="CE" rev="2">
<attrib name="value" value="2"/></item>
<item name="CK" rev="2">
<attrib name="value" value="6"/></item>
<item name="D" rev="2">
<attrib name="value" value="6"/></item>
<item name="Q" rev="2">
<attrib name="value" value="6"/></item>
</group>
<group name="OLOGIC_OFF1">
<item name="CK" rev="2">
<attrib name="value" value="1"/></item>
<item name="D" rev="2">
<attrib name="value" value="1"/></item>
<item name="Q" rev="2">
<attrib name="value" value="1"/></item>
<item name="SR" rev="2">
<attrib name="value" value="1"/></item>
</group>
<group name="IOB_PAD">
<item name="PAD" rev="2">
<attrib name="value" value="9"/></item>
</group>
<group name="PMV">
<item name="A0" rev="2">
<attrib name="value" value="1"/></item>
<item name="A1" rev="2">
<attrib name="value" value="1"/></item>
<item name="A2" rev="2">
<attrib name="value" value="1"/></item>
<item name="A3" rev="2">
<attrib name="value" value="1"/></item>
<item name="A4" rev="2">
<attrib name="value" value="1"/></item>
<item name="A5" rev="2">
<attrib name="value" value="1"/></item>
<item name="EN" rev="2">
<attrib name="value" value="1"/></item>
<item name="ODIV4" rev="2">
<attrib name="value" value="1"/></item>
</group>
<group name="SLICEM_CYMUXF">
<item name="0" rev="2">
<attrib name="value" value="4"/></item>
<item name="1" rev="2">
<attrib name="value" value="4"/></item>
<item name="OUT" rev="2">
<attrib name="value" value="4"/></item>
<item name="S0" rev="2">
<attrib name="value" value="4"/></item>
</group>
<group name="SLICEM_CYMUXG">
<item name="0" rev="2">
<attrib name="value" value="4"/></item>
<item name="1" rev="2">
<attrib name="value" value="4"/></item>
<item name="OUT" rev="2">
<attrib name="value" value="4"/></item>
<item name="S0" rev="2">
<attrib name="value" value="4"/></item>
</group>
<group name="IOB">
<item name="I" rev="2">
<attrib name="value" value="5"/></item>
<item name="O" rev="2">
<attrib name="value" value="4"/></item>
<item name="PAD" rev="2">
<attrib name="value" value="9"/></item>
</group>
<group name="SLICEL_C1VDD">
<item name="1" rev="2">
<attrib name="value" value="2"/></item>
</group>
<group name="OLOGIC">
<item name="CLK" rev="2">
<attrib name="value" value="1"/></item>
<item name="D1" rev="2">
<attrib name="value" value="1"/></item>
<item name="OQ" rev="2">
<attrib name="value" value="1"/></item>
<item name="SR" rev="2">
<attrib name="value" value="1"/></item>
</group>
<group name="SLICEL_FAND">
<item name="0" rev="2">
<attrib name="value" value="17"/></item>
<item name="1" rev="2">
<attrib name="value" value="17"/></item>
<item name="O" rev="2">
<attrib name="value" value="17"/></item>
</group>
<group name="BUFG">
<item name="I0" rev="2">
<attrib name="value" value="2"/></item>
<item name="O" rev="2">
<attrib name="value" value="2"/></item>
</group>
<group name="DSP48">
<item name="A0" rev="2">
<attrib name="value" value="3"/></item>
<item name="A1" rev="2">
<attrib name="value" value="3"/></item>
<item name="A10" rev="2">
<attrib name="value" value="3"/></item>
<item name="A11" rev="2">
<attrib name="value" value="3"/></item>
<item name="A12" rev="2">
<attrib name="value" value="3"/></item>
<item name="A13" rev="2">
<attrib name="value" value="3"/></item>
<item name="A14" rev="2">
<attrib name="value" value="3"/></item>
<item name="A15" rev="2">
<attrib name="value" value="3"/></item>
<item name="A16" rev="2">
<attrib name="value" value="3"/></item>
<item name="A17" rev="2">
<attrib name="value" value="3"/></item>
<item name="A2" rev="2">
<attrib name="value" value="3"/></item>
<item name="A3" rev="2">
<attrib name="value" value="3"/></item>
<item name="A4" rev="2">
<attrib name="value" value="3"/></item>
<item name="A5" rev="2">
<attrib name="value" value="3"/></item>
<item name="A6" rev="2">
<attrib name="value" value="3"/></item>
<item name="A7" rev="2">
<attrib name="value" value="3"/></item>
<item name="A8" rev="2">
<attrib name="value" value="3"/></item>
<item name="A9" rev="2">
<attrib name="value" value="3"/></item>
<item name="B0" rev="2">
<attrib name="value" value="3"/></item>
<item name="B1" rev="2">
<attrib name="value" value="3"/></item>
<item name="B10" rev="2">
<attrib name="value" value="3"/></item>
<item name="B11" rev="2">
<attrib name="value" value="3"/></item>
<item name="B12" rev="2">
<attrib name="value" value="3"/></item>
<item name="B13" rev="2">
<attrib name="value" value="3"/></item>
<item name="B14" rev="2">
<attrib name="value" value="3"/></item>
<item name="B15" rev="2">
<attrib name="value" value="3"/></item>
<item name="B16" rev="2">
<attrib name="value" value="3"/></item>
<item name="B17" rev="2">
<attrib name="value" value="3"/></item>
<item name="B2" rev="2">
<attrib name="value" value="3"/></item>
<item name="B3" rev="2">
<attrib name="value" value="3"/></item>
<item name="B4" rev="2">
<attrib name="value" value="3"/></item>
<item name="B5" rev="2">
<attrib name="value" value="3"/></item>
<item name="B6" rev="2">
<attrib name="value" value="3"/></item>
<item name="B7" rev="2">
<attrib name="value" value="3"/></item>
<item name="B8" rev="2">
<attrib name="value" value="3"/></item>
<item name="B9" rev="2">
<attrib name="value" value="3"/></item>
<item name="CARRYIN" rev="2">
<attrib name="value" value="3"/></item>
<item name="CARRYINSEL0" rev="2">
<attrib name="value" value="3"/></item>
<item name="CARRYINSEL1" rev="2">
<attrib name="value" value="3"/></item>
<item name="CEA" rev="2">
<attrib name="value" value="3"/></item>
<item name="CEB" rev="2">
<attrib name="value" value="3"/></item>
<item name="CECARRYIN" rev="2">
<attrib name="value" value="3"/></item>
<item name="CECINSUB" rev="2">
<attrib name="value" value="3"/></item>
<item name="CECTRL" rev="2">
<attrib name="value" value="3"/></item>
<item name="CEM" rev="2">
<attrib name="value" value="3"/></item>
<item name="CEP" rev="2">
<attrib name="value" value="3"/></item>
<item name="CLK" rev="2">
<attrib name="value" value="3"/></item>
<item name="OPMODE0" rev="2">
<attrib name="value" value="3"/></item>
<item name="OPMODE1" rev="2">
<attrib name="value" value="3"/></item>
<item name="OPMODE2" rev="2">
<attrib name="value" value="3"/></item>
<item name="OPMODE3" rev="2">
<attrib name="value" value="3"/></item>
<item name="OPMODE4" rev="2">
<attrib name="value" value="3"/></item>
<item name="OPMODE5" rev="2">
<attrib name="value" value="3"/></item>
<item name="OPMODE6" rev="2">
<attrib name="value" value="3"/></item>
<item name="P0" rev="2">
<attrib name="value" value="2"/></item>
<item name="P1" rev="2">
<attrib name="value" value="2"/></item>
<item name="P10" rev="2">
<attrib name="value" value="2"/></item>
<item name="P11" rev="2">
<attrib name="value" value="2"/></item>
<item name="P12" rev="2">
<attrib name="value" value="2"/></item>
<item name="P13" rev="2">
<attrib name="value" value="2"/></item>
<item name="P14" rev="2">
<attrib name="value" value="2"/></item>
<item name="P15" rev="2">
<attrib name="value" value="1"/></item>
<item name="P16" rev="2">
<attrib name="value" value="1"/></item>
<item name="P2" rev="2">
<attrib name="value" value="2"/></item>
<item name="P3" rev="2">
<attrib name="value" value="2"/></item>
<item name="P4" rev="2">
<attrib name="value" value="2"/></item>
<item name="P5" rev="2">
<attrib name="value" value="2"/></item>
<item name="P6" rev="2">
<attrib name="value" value="2"/></item>
<item name="P7" rev="2">
<attrib name="value" value="2"/></item>
<item name="P8" rev="2">
<attrib name="value" value="2"/></item>
<item name="P9" rev="2">
<attrib name="value" value="2"/></item>
<item name="PCIN0" rev="2">
<attrib name="value" value="2"/></item>
<item name="PCIN1" rev="2">
<attrib name="value" value="2"/></item>
<item name="PCIN10" rev="2">
<attrib name="value" value="2"/></item>
<item name="PCIN11" rev="2">
<attrib name="value" value="2"/></item>
<item name="PCIN12" rev="2">
<attrib name="value" value="2"/></item>
<item name="PCIN13" rev="2">
<attrib name="value" value="2"/></item>
<item name="PCIN14" rev="2">
<attrib name="value" value="2"/></item>
<item name="PCIN15" rev="2">
<attrib name="value" value="2"/></item>
<item name="PCIN16" rev="2">
<attrib name="value" value="2"/></item>
<item name="PCIN17" rev="2">
<attrib name="value" value="2"/></item>
<item name="PCIN18" rev="2">
<attrib name="value" value="2"/></item>
<item name="PCIN19" rev="2">
<attrib name="value" value="2"/></item>
<item name="PCIN2" rev="2">
<attrib name="value" value="2"/></item>
<item name="PCIN20" rev="2">
<attrib name="value" value="2"/></item>
<item name="PCIN21" rev="2">
<attrib name="value" value="2"/></item>
<item name="PCIN22" rev="2">
<attrib name="value" value="2"/></item>
<item name="PCIN23" rev="2">
<attrib name="value" value="2"/></item>
<item name="PCIN24" rev="2">
<attrib name="value" value="2"/></item>
<item name="PCIN25" rev="2">
<attrib name="value" value="2"/></item>
<item name="PCIN26" rev="2">
<attrib name="value" value="2"/></item>
<item name="PCIN27" rev="2">
<attrib name="value" value="2"/></item>
<item name="PCIN28" rev="2">
<attrib name="value" value="2"/></item>
<item name="PCIN29" rev="2">
<attrib name="value" value="2"/></item>
<item name="PCIN3" rev="2">
<attrib name="value" value="2"/></item>
<item name="PCIN30" rev="2">
<attrib name="value" value="2"/></item>
<item name="PCIN31" rev="2">
<attrib name="value" value="2"/></item>
<item name="PCIN32" rev="2">
<attrib name="value" value="2"/></item>
<item name="PCIN33" rev="2">
<attrib name="value" value="2"/></item>
<item name="PCIN34" rev="2">
<attrib name="value" value="2"/></item>
<item name="PCIN35" rev="2">
<attrib name="value" value="2"/></item>
<item name="PCIN36" rev="2">
<attrib name="value" value="2"/></item>
<item name="PCIN37" rev="2">
<attrib name="value" value="2"/></item>
<item name="PCIN38" rev="2">
<attrib name="value" value="2"/></item>
<item name="PCIN39" rev="2">
<attrib name="value" value="2"/></item>
<item name="PCIN4" rev="2">
<attrib name="value" value="2"/></item>
<item name="PCIN40" rev="2">
<attrib name="value" value="2"/></item>
<item name="PCIN41" rev="2">
<attrib name="value" value="2"/></item>
<item name="PCIN42" rev="2">
<attrib name="value" value="2"/></item>
<item name="PCIN43" rev="2">
<attrib name="value" value="2"/></item>
<item name="PCIN44" rev="2">
<attrib name="value" value="2"/></item>
<item name="PCIN45" rev="2">
<attrib name="value" value="2"/></item>
<item name="PCIN46" rev="2">
<attrib name="value" value="2"/></item>
<item name="PCIN47" rev="2">
<attrib name="value" value="2"/></item>
<item name="PCIN5" rev="2">
<attrib name="value" value="2"/></item>
<item name="PCIN6" rev="2">
<attrib name="value" value="2"/></item>
<item name="PCIN7" rev="2">
<attrib name="value" value="2"/></item>
<item name="PCIN8" rev="2">
<attrib name="value" value="2"/></item>
<item name="PCIN9" rev="2">
<attrib name="value" value="2"/></item>
<item name="PCOUT0" rev="2">
<attrib name="value" value="2"/></item>
<item name="PCOUT1" rev="2">
<attrib name="value" value="2"/></item>
<item name="PCOUT10" rev="2">
<attrib name="value" value="2"/></item>
<item name="PCOUT11" rev="2">
<attrib name="value" value="2"/></item>
<item name="PCOUT12" rev="2">
<attrib name="value" value="2"/></item>
<item name="PCOUT13" rev="2">
<attrib name="value" value="2"/></item>
<item name="PCOUT14" rev="2">
<attrib name="value" value="2"/></item>
<item name="PCOUT15" rev="2">
<attrib name="value" value="2"/></item>
<item name="PCOUT16" rev="2">
<attrib name="value" value="2"/></item>
<item name="PCOUT17" rev="2">
<attrib name="value" value="2"/></item>
<item name="PCOUT18" rev="2">
<attrib name="value" value="2"/></item>
<item name="PCOUT19" rev="2">
<attrib name="value" value="2"/></item>
<item name="PCOUT2" rev="2">
<attrib name="value" value="2"/></item>
<item name="PCOUT20" rev="2">
<attrib name="value" value="2"/></item>
<item name="PCOUT21" rev="2">
<attrib name="value" value="2"/></item>
<item name="PCOUT22" rev="2">
<attrib name="value" value="2"/></item>
<item name="PCOUT23" rev="2">
<attrib name="value" value="2"/></item>
<item name="PCOUT24" rev="2">
<attrib name="value" value="2"/></item>
<item name="PCOUT25" rev="2">
<attrib name="value" value="2"/></item>
<item name="PCOUT26" rev="2">
<attrib name="value" value="2"/></item>
<item name="PCOUT27" rev="2">
<attrib name="value" value="2"/></item>
<item name="PCOUT28" rev="2">
<attrib name="value" value="2"/></item>
<item name="PCOUT29" rev="2">
<attrib name="value" value="2"/></item>
<item name="PCOUT3" rev="2">
<attrib name="value" value="2"/></item>
<item name="PCOUT30" rev="2">
<attrib name="value" value="2"/></item>
<item name="PCOUT31" rev="2">
<attrib name="value" value="2"/></item>
<item name="PCOUT32" rev="2">
<attrib name="value" value="2"/></item>
<item name="PCOUT33" rev="2">
<attrib name="value" value="2"/></item>
<item name="PCOUT34" rev="2">
<attrib name="value" value="2"/></item>
<item name="PCOUT35" rev="2">
<attrib name="value" value="2"/></item>
<item name="PCOUT36" rev="2">
<attrib name="value" value="2"/></item>
<item name="PCOUT37" rev="2">
<attrib name="value" value="2"/></item>
<item name="PCOUT38" rev="2">
<attrib name="value" value="2"/></item>
<item name="PCOUT39" rev="2">
<attrib name="value" value="2"/></item>
<item name="PCOUT4" rev="2">
<attrib name="value" value="2"/></item>
<item name="PCOUT40" rev="2">
<attrib name="value" value="2"/></item>
<item name="PCOUT41" rev="2">
<attrib name="value" value="2"/></item>
<item name="PCOUT42" rev="2">
<attrib name="value" value="2"/></item>
<item name="PCOUT43" rev="2">
<attrib name="value" value="2"/></item>
<item name="PCOUT44" rev="2">
<attrib name="value" value="2"/></item>
<item name="PCOUT45" rev="2">
<attrib name="value" value="2"/></item>
<item name="PCOUT46" rev="2">
<attrib name="value" value="2"/></item>
<item name="PCOUT47" rev="2">
<attrib name="value" value="2"/></item>
<item name="PCOUT5" rev="2">
<attrib name="value" value="2"/></item>
<item name="PCOUT6" rev="2">
<attrib name="value" value="2"/></item>
<item name="PCOUT7" rev="2">
<attrib name="value" value="2"/></item>
<item name="PCOUT8" rev="2">
<attrib name="value" value="2"/></item>
<item name="PCOUT9" rev="2">
<attrib name="value" value="2"/></item>
<item name="RSTA" rev="2">
<attrib name="value" value="3"/></item>
<item name="RSTB" rev="2">
<attrib name="value" value="3"/></item>
<item name="RSTCARRYIN" rev="2">
<attrib name="value" value="3"/></item>
<item name="RSTCTRL" rev="2">
<attrib name="value" value="3"/></item>
<item name="RSTM" rev="2">
<attrib name="value" value="3"/></item>
<item name="RSTP" rev="2">
<attrib name="value" value="3"/></item>
<item name="SUBTRACT" rev="2">
<attrib name="value" value="3"/></item>
</group>
<group name="SLICEL_F">
<item name="A1" rev="2">
<attrib name="value" value="1149"/></item>
<item name="A2" rev="2">
<attrib name="value" value="1067"/></item>
<item name="A3" rev="2">
<attrib name="value" value="1008"/></item>
<item name="A4" rev="2">
<attrib name="value" value="488"/></item>
<item name="D" rev="2">
<attrib name="value" value="1153"/></item>
</group>
<group name="SLICEL_G">
<item name="A1" rev="2">
<attrib name="value" value="1222"/></item>
<item name="A2" rev="2">
<attrib name="value" value="1151"/></item>
<item name="A3" rev="2">
<attrib name="value" value="1023"/></item>
<item name="A4" rev="2">
<attrib name="value" value="477"/></item>
<item name="D" rev="2">
<attrib name="value" value="1228"/></item>
</group>
<group name="RAMB16_RAMB16">
<item name="ADDRA1" rev="2">
<attrib name="value" value="16"/></item>
<item name="ADDRA10" rev="2">
<attrib name="value" value="16"/></item>
<item name="ADDRA11" rev="2">
<attrib name="value" value="16"/></item>
<item name="ADDRA12" rev="2">
<attrib name="value" value="16"/></item>
<item name="ADDRA13" rev="2">
<attrib name="value" value="16"/></item>
<item name="ADDRA2" rev="2">
<attrib name="value" value="16"/></item>
<item name="ADDRA3" rev="2">
<attrib name="value" value="16"/></item>
<item name="ADDRA4" rev="2">
<attrib name="value" value="16"/></item>
<item name="ADDRA5" rev="2">
<attrib name="value" value="16"/></item>
<item name="ADDRA6" rev="2">
<attrib name="value" value="16"/></item>
<item name="ADDRA7" rev="2">
<attrib name="value" value="16"/></item>
<item name="ADDRA8" rev="2">
<attrib name="value" value="16"/></item>
<item name="ADDRA9" rev="2">
<attrib name="value" value="16"/></item>
<item name="ADDRB1" rev="2">
<attrib name="value" value="16"/></item>
<item name="ADDRB10" rev="2">
<attrib name="value" value="16"/></item>
<item name="ADDRB11" rev="2">
<attrib name="value" value="16"/></item>
<item name="ADDRB12" rev="2">
<attrib name="value" value="16"/></item>
<item name="ADDRB13" rev="2">
<attrib name="value" value="16"/></item>
<item name="ADDRB2" rev="2">
<attrib name="value" value="16"/></item>
<item name="ADDRB3" rev="2">
<attrib name="value" value="16"/></item>
<item name="ADDRB4" rev="2">
<attrib name="value" value="16"/></item>
<item name="ADDRB5" rev="2">
<attrib name="value" value="16"/></item>
<item name="ADDRB6" rev="2">
<attrib name="value" value="16"/></item>
<item name="ADDRB7" rev="2">
<attrib name="value" value="16"/></item>
<item name="ADDRB8" rev="2">
<attrib name="value" value="16"/></item>
<item name="ADDRB9" rev="2">
<attrib name="value" value="16"/></item>
<item name="CLKA" rev="2">
<attrib name="value" value="16"/></item>
<item name="CLKB" rev="2">
<attrib name="value" value="16"/></item>
<item name="DIA0" rev="2">
<attrib name="value" value="16"/></item>
<item name="DIA1" rev="2">
<attrib name="value" value="16"/></item>
<item name="DIB0" rev="2">
<attrib name="value" value="16"/></item>
<item name="DIB1" rev="2">
<attrib name="value" value="16"/></item>
<item name="DOA0" rev="2">
<attrib name="value" value="16"/></item>
<item name="DOA1" rev="2">
<attrib name="value" value="16"/></item>
<item name="DOB0" rev="2">
<attrib name="value" value="16"/></item>
<item name="DOB1" rev="2">
<attrib name="value" value="16"/></item>
<item name="ENA" rev="2">
<attrib name="value" value="16"/></item>
<item name="ENB" rev="2">
<attrib name="value" value="16"/></item>
<item name="REGCEA" rev="2">
<attrib name="value" value="16"/></item>
<item name="REGCEB" rev="2">
<attrib name="value" value="16"/></item>
<item name="SSRA" rev="2">
<attrib name="value" value="16"/></item>
<item name="SSRB" rev="2">
<attrib name="value" value="16"/></item>
<item name="WEA0" rev="2">
<attrib name="value" value="16"/></item>
<item name="WEA1" rev="2">
<attrib name="value" value="16"/></item>
<item name="WEA2" rev="2">
<attrib name="value" value="16"/></item>
<item name="WEA3" rev="2">
<attrib name="value" value="16"/></item>
<item name="WEB0" rev="2">
<attrib name="value" value="16"/></item>
<item name="WEB1" rev="2">
<attrib name="value" value="16"/></item>
<item name="WEB2" rev="2">
<attrib name="value" value="16"/></item>
<item name="WEB3" rev="2">
<attrib name="value" value="16"/></item>
</group>
<group name="SLICEL_GNDF">
<item name="0" rev="2">
<attrib name="value" value="50"/></item>
</group>
<group name="SLICEL_GNDG">
<item name="0" rev="2">
<attrib name="value" value="47"/></item>
</group>
</ReportPinData>
<CmdHistory>
</CmdHistory>
</DeviceUsageSummary>
