
<RENDERBATCH>

  <RENDERIMG RASNAME="E:\Adam\Characterizing\dut_mb_v4lx60_template\hw\SDK\SDK_Export\hw\imgs\dut_control_core_0.jpg" SVGNAME="E:\Adam\Characterizing\dut_mb_v4lx60_template\hw\SDK\SDK_Export\hw\imgs\dut_control_core_0.svg" TMPSVGFN="E:\Adam\Characterizing\dut_mb_v4lx60_template\hw\__xps\.dswkshop\dut_control_core_0.svg"/>

  <RENDERIMG RASNAME="E:\Adam\Characterizing\dut_mb_v4lx60_template\hw\SDK\SDK_Export\hw\imgs\microblaze_0.jpg" SVGNAME="E:\Adam\Characterizing\dut_mb_v4lx60_template\hw\SDK\SDK_Export\hw\imgs\microblaze_0.svg" TMPSVGFN="E:\Adam\Characterizing\dut_mb_v4lx60_template\hw\__xps\.dswkshop\microblaze_0.svg"/>

  <RENDERIMG RASNAME="E:\Adam\Characterizing\dut_mb_v4lx60_template\hw\SDK\SDK_Export\hw\imgs\mb_plb.jpg" SVGNAME="E:\Adam\Characterizing\dut_mb_v4lx60_template\hw\SDK\SDK_Export\hw\imgs\mb_plb.svg" TMPSVGFN="E:\Adam\Characterizing\dut_mb_v4lx60_template\hw\__xps\.dswkshop\mb_plb.svg"/>

  <RENDERIMG RASNAME="E:\Adam\Characterizing\dut_mb_v4lx60_template\hw\SDK\SDK_Export\hw\imgs\ilmb.jpg" SVGNAME="E:\Adam\Characterizing\dut_mb_v4lx60_template\hw\SDK\SDK_Export\hw\imgs\ilmb.svg" TMPSVGFN="E:\Adam\Characterizing\dut_mb_v4lx60_template\hw\__xps\.dswkshop\ilmb.svg"/>

  <RENDERIMG RASNAME="E:\Adam\Characterizing\dut_mb_v4lx60_template\hw\SDK\SDK_Export\hw\imgs\dlmb.jpg" SVGNAME="E:\Adam\Characterizing\dut_mb_v4lx60_template\hw\SDK\SDK_Export\hw\imgs\dlmb.svg" TMPSVGFN="E:\Adam\Characterizing\dut_mb_v4lx60_template\hw\__xps\.dswkshop\dlmb.svg"/>

  <RENDERIMG RASNAME="E:\Adam\Characterizing\dut_mb_v4lx60_template\hw\SDK\SDK_Export\hw\imgs\dlmb_cntlr.jpg" SVGNAME="E:\Adam\Characterizing\dut_mb_v4lx60_template\hw\SDK\SDK_Export\hw\imgs\dlmb_cntlr.svg" TMPSVGFN="E:\Adam\Characterizing\dut_mb_v4lx60_template\hw\__xps\.dswkshop\dlmb_cntlr.svg"/>

  <RENDERIMG RASNAME="E:\Adam\Characterizing\dut_mb_v4lx60_template\hw\SDK\SDK_Export\hw\imgs\ilmb_cntlr.jpg" SVGNAME="E:\Adam\Characterizing\dut_mb_v4lx60_template\hw\SDK\SDK_Export\hw\imgs\ilmb_cntlr.svg" TMPSVGFN="E:\Adam\Characterizing\dut_mb_v4lx60_template\hw\__xps\.dswkshop\ilmb_cntlr.svg"/>

  <RENDERIMG RASNAME="E:\Adam\Characterizing\dut_mb_v4lx60_template\hw\SDK\SDK_Export\hw\imgs\lmb_bram.jpg" SVGNAME="E:\Adam\Characterizing\dut_mb_v4lx60_template\hw\SDK\SDK_Export\hw\imgs\lmb_bram.svg" TMPSVGFN="E:\Adam\Characterizing\dut_mb_v4lx60_template\hw\__xps\.dswkshop\lmb_bram.svg"/>

  <RENDERIMG RASNAME="E:\Adam\Characterizing\dut_mb_v4lx60_template\hw\SDK\SDK_Export\hw\imgs\RS232_Uart_1.jpg" SVGNAME="E:\Adam\Characterizing\dut_mb_v4lx60_template\hw\SDK\SDK_Export\hw\imgs\RS232_Uart_1.svg" TMPSVGFN="E:\Adam\Characterizing\dut_mb_v4lx60_template\hw\__xps\.dswkshop\RS232_Uart_1.svg"/>

  <RENDERIMG RASNAME="E:\Adam\Characterizing\dut_mb_v4lx60_template\hw\SDK\SDK_Export\hw\imgs\ORGate_1.jpg" SVGNAME="E:\Adam\Characterizing\dut_mb_v4lx60_template\hw\SDK\SDK_Export\hw\imgs\ORGate_1.svg" TMPSVGFN="E:\Adam\Characterizing\dut_mb_v4lx60_template\hw\__xps\.dswkshop\ORGate_1.svg"/>

  <RENDERIMG RASNAME="E:\Adam\Characterizing\dut_mb_v4lx60_template\hw\SDK\SDK_Export\hw\imgs\clock_generator_0.jpg" SVGNAME="E:\Adam\Characterizing\dut_mb_v4lx60_template\hw\SDK\SDK_Export\hw\imgs\clock_generator_0.svg" TMPSVGFN="E:\Adam\Characterizing\dut_mb_v4lx60_template\hw\__xps\.dswkshop\clock_generator_0.svg"/>

  <RENDERIMG RASNAME="E:\Adam\Characterizing\dut_mb_v4lx60_template\hw\SDK\SDK_Export\hw\imgs\mdm_0.jpg" SVGNAME="E:\Adam\Characterizing\dut_mb_v4lx60_template\hw\SDK\SDK_Export\hw\imgs\mdm_0.svg" TMPSVGFN="E:\Adam\Characterizing\dut_mb_v4lx60_template\hw\__xps\.dswkshop\mdm_0.svg"/>

  <RENDERIMG RASNAME="E:\Adam\Characterizing\dut_mb_v4lx60_template\hw\SDK\SDK_Export\hw\imgs\proc_sys_reset_0.jpg" SVGNAME="E:\Adam\Characterizing\dut_mb_v4lx60_template\hw\SDK\SDK_Export\hw\imgs\proc_sys_reset_0.svg" TMPSVGFN="E:\Adam\Characterizing\dut_mb_v4lx60_template\hw\__xps\.dswkshop\proc_sys_reset_0.svg"/>

  <RENDERIMG RASNAME="E:\Adam\Characterizing\dut_mb_v4lx60_template\hw\SDK\SDK_Export\hw\imgs\ring_osc_0.jpg" SVGNAME="E:\Adam\Characterizing\dut_mb_v4lx60_template\hw\SDK\SDK_Export\hw\imgs\ring_osc_0.svg" TMPSVGFN="E:\Adam\Characterizing\dut_mb_v4lx60_template\hw\__xps\.dswkshop\ring_osc_0.svg"/>

  <RENDERIMG RASNAME="E:\Adam\Characterizing\dut_mb_v4lx60_template\hw\SDK\SDK_Export\hw\imgs\xps_timer_0.jpg" SVGNAME="E:\Adam\Characterizing\dut_mb_v4lx60_template\hw\SDK\SDK_Export\hw\imgs\xps_timer_0.svg" TMPSVGFN="E:\Adam\Characterizing\dut_mb_v4lx60_template\hw\__xps\.dswkshop\xps_timer_0.svg"/>

  <RENDERIMG RASNAME="E:\Adam\Characterizing\dut_mb_v4lx60_template\hw\SDK\SDK_Export\hw\imgs\xps_intc_0.jpg" SVGNAME="E:\Adam\Characterizing\dut_mb_v4lx60_template\hw\SDK\SDK_Export\hw\imgs\xps_intc_0.svg" TMPSVGFN="E:\Adam\Characterizing\dut_mb_v4lx60_template\hw\__xps\.dswkshop\xps_intc_0.svg"/>

  <RENDERIMG RASNAME="E:\Adam\Characterizing\dut_mb_v4lx60_template\hw\SDK\SDK_Export\hw\imgs\system_blkd.jpg" SVGNAME="E:\Adam\Characterizing\dut_mb_v4lx60_template\hw\SDK\SDK_Export\hw\imgs\system_blkd.svg" TMPSVGFN="E:\Adam\Characterizing\dut_mb_v4lx60_template\hw\__xps\.dswkshop\system_blkd.svg"/>

</RENDERBATCH>