<?xml version="1.0" encoding="UTF-8"?>
<DARoots Version="1" Minor="26">
  <FileSet Name="sources_1" Type="DesignSrcs" RelSrcDir="$PSRCDIR/sources_1">
    <Filter Type="Srcs"/>
    <File Path="$PSRCDIR/sources_1/imports/implementation/system.ngc">
      <FileInfo>
        <Attr Name="ImportPath" Val="$PPRDIR/../dut_mb_v4lx60_template_pre_rapidsmith/hw/implementation/system.ngc"/>
        <Attr Name="ImportTime" Val="1426141230"/>
        <Attr Name="UsedInSynthesis" Val="1"/>
        <Attr Name="UsedInImplementation" Val="1"/>
      </FileInfo>
    </File>
    <File Path="$PSRCDIR/sources_1/imports/implementation/system_clock_generator_0_wrapper.ngc">
      <FileInfo>
        <Attr Name="ImportPath" Val="$PPRDIR/../dut_mb_v4lx60_template_pre_rapidsmith/hw/implementation/system_clock_generator_0_wrapper.ngc"/>
        <Attr Name="ImportTime" Val="1426141080"/>
        <Attr Name="UsedInSynthesis" Val="1"/>
        <Attr Name="UsedInImplementation" Val="1"/>
      </FileInfo>
    </File>
    <File Path="$PSRCDIR/sources_1/imports/implementation/system_dlmb_cntlr_wrapper.ngc">
      <FileInfo>
        <Attr Name="ImportPath" Val="$PPRDIR/../dut_mb_v4lx60_template_pre_rapidsmith/hw/implementation/system_dlmb_cntlr_wrapper.ngc"/>
        <Attr Name="ImportTime" Val="1426140937"/>
        <Attr Name="UsedInSynthesis" Val="1"/>
        <Attr Name="UsedInImplementation" Val="1"/>
      </FileInfo>
    </File>
    <File Path="$PSRCDIR/sources_1/imports/implementation/system_dlmb_wrapper.ngc">
      <FileInfo>
        <Attr Name="ImportPath" Val="$PPRDIR/../dut_mb_v4lx60_template_pre_rapidsmith/hw/implementation/system_dlmb_wrapper.ngc"/>
        <Attr Name="ImportTime" Val="1426141075"/>
        <Attr Name="UsedInSynthesis" Val="1"/>
        <Attr Name="UsedInImplementation" Val="1"/>
      </FileInfo>
    </File>
    <File Path="$PSRCDIR/sources_1/imports/implementation/system_dut_control_core_0_wrapper.ngc">
      <FileInfo>
        <Attr Name="ImportPath" Val="$PPRDIR/../dut_mb_v4lx60_template_pre_rapidsmith/hw/implementation/system_dut_control_core_0_wrapper.ngc"/>
        <Attr Name="ImportTime" Val="1426140593"/>
        <Attr Name="UsedInSynthesis" Val="1"/>
        <Attr Name="UsedInImplementation" Val="1"/>
      </FileInfo>
    </File>
    <File Path="$PSRCDIR/sources_1/imports/implementation/system_ilmb_cntlr_wrapper.ngc">
      <FileInfo>
        <Attr Name="ImportPath" Val="$PPRDIR/../dut_mb_v4lx60_template_pre_rapidsmith/hw/implementation/system_ilmb_cntlr_wrapper.ngc"/>
        <Attr Name="ImportTime" Val="1426140943"/>
        <Attr Name="UsedInSynthesis" Val="1"/>
        <Attr Name="UsedInImplementation" Val="1"/>
      </FileInfo>
    </File>
    <File Path="$PSRCDIR/sources_1/imports/implementation/system_ilmb_wrapper.ngc">
      <FileInfo>
        <Attr Name="ImportPath" Val="$PPRDIR/../dut_mb_v4lx60_template_pre_rapidsmith/hw/implementation/system_ilmb_wrapper.ngc"/>
        <Attr Name="ImportTime" Val="1426141070"/>
        <Attr Name="UsedInSynthesis" Val="1"/>
        <Attr Name="UsedInImplementation" Val="1"/>
      </FileInfo>
    </File>
    <File Path="$PSRCDIR/sources_1/imports/implementation/system_lmb_bram_wrapper.ngc">
      <FileInfo>
        <Attr Name="ImportPath" Val="$PPRDIR/../dut_mb_v4lx60_template_pre_rapidsmith/hw/implementation/system_lmb_bram_wrapper.ngc"/>
        <Attr Name="ImportTime" Val="1426140956"/>
        <Attr Name="UsedInSynthesis" Val="1"/>
        <Attr Name="UsedInImplementation" Val="1"/>
      </FileInfo>
    </File>
    <File Path="$PSRCDIR/sources_1/imports/implementation/system_mb_plb_wrapper.ngc">
      <FileInfo>
        <Attr Name="ImportPath" Val="$PPRDIR/../dut_mb_v4lx60_template_pre_rapidsmith/hw/implementation/system_mb_plb_wrapper.ngc"/>
        <Attr Name="ImportTime" Val="1426140918"/>
        <Attr Name="UsedInSynthesis" Val="1"/>
        <Attr Name="UsedInImplementation" Val="1"/>
      </FileInfo>
    </File>
    <File Path="$PSRCDIR/sources_1/imports/implementation/system_mdm_0_wrapper.ngc">
      <FileInfo>
        <Attr Name="ImportPath" Val="$PPRDIR/../dut_mb_v4lx60_template_pre_rapidsmith/hw/implementation/system_mdm_0_wrapper.ngc"/>
        <Attr Name="ImportTime" Val="1426141001"/>
        <Attr Name="UsedInSynthesis" Val="1"/>
        <Attr Name="UsedInImplementation" Val="1"/>
      </FileInfo>
    </File>
    <File Path="$PSRCDIR/sources_1/imports/implementation/system_microblaze_0_wrapper.ngc">
      <FileInfo>
        <Attr Name="ImportPath" Val="$PPRDIR/../dut_mb_v4lx60_template_pre_rapidsmith/hw/implementation/system_microblaze_0_wrapper.ngc"/>
        <Attr Name="ImportTime" Val="1426141065"/>
        <Attr Name="UsedInSynthesis" Val="1"/>
        <Attr Name="UsedInImplementation" Val="1"/>
      </FileInfo>
    </File>
    <File Path="$PSRCDIR/sources_1/imports/implementation/system_orgate_1_wrapper.ngc">
      <FileInfo>
        <Attr Name="ImportPath" Val="$PPRDIR/../dut_mb_v4lx60_template_pre_rapidsmith/hw/implementation/system_orgate_1_wrapper.ngc"/>
        <Attr Name="ImportTime" Val="1426140984"/>
        <Attr Name="UsedInSynthesis" Val="1"/>
        <Attr Name="UsedInImplementation" Val="1"/>
      </FileInfo>
    </File>
    <File Path="$PSRCDIR/sources_1/imports/implementation/system_proc_sys_reset_0_wrapper.ngc">
      <FileInfo>
        <Attr Name="ImportPath" Val="$PPRDIR/../dut_mb_v4lx60_template_pre_rapidsmith/hw/implementation/system_proc_sys_reset_0_wrapper.ngc"/>
        <Attr Name="ImportTime" Val="1426141007"/>
        <Attr Name="UsedInSynthesis" Val="1"/>
        <Attr Name="UsedInImplementation" Val="1"/>
      </FileInfo>
    </File>
    <File Path="$PSRCDIR/sources_1/imports/implementation/system_ring_osc_0_wrapper.ngc">
      <FileInfo>
        <Attr Name="ImportPath" Val="$PPRDIR/../dut_mb_v4lx60_template_pre_rapidsmith/hw/implementation/system_ring_osc_0_wrapper.ngc"/>
        <Attr Name="ImportTime" Val="1426141060"/>
        <Attr Name="UsedInSynthesis" Val="1"/>
        <Attr Name="UsedInImplementation" Val="1"/>
      </FileInfo>
    </File>
    <File Path="$PSRCDIR/sources_1/imports/implementation/system_rs232_uart_1_wrapper.ngc">
      <FileInfo>
        <Attr Name="ImportPath" Val="$PPRDIR/../dut_mb_v4lx60_template_pre_rapidsmith/hw/implementation/system_rs232_uart_1_wrapper.ngc"/>
        <Attr Name="ImportTime" Val="1426140977"/>
        <Attr Name="UsedInSynthesis" Val="1"/>
        <Attr Name="UsedInImplementation" Val="1"/>
      </FileInfo>
    </File>
    <File Path="$PSRCDIR/sources_1/imports/implementation/system_xps_intc_0_wrapper.ngc">
      <FileInfo>
        <Attr Name="ImportPath" Val="$PPRDIR/../dut_mb_v4lx60_template_pre_rapidsmith/hw/implementation/system_xps_intc_0_wrapper.ngc"/>
        <Attr Name="ImportTime" Val="1426141084"/>
        <Attr Name="UsedInSynthesis" Val="1"/>
        <Attr Name="UsedInImplementation" Val="1"/>
      </FileInfo>
    </File>
    <File Path="$PSRCDIR/sources_1/imports/implementation/system_xps_timer_0_wrapper.ngc">
      <FileInfo>
        <Attr Name="ImportPath" Val="$PPRDIR/../dut_mb_v4lx60_template_pre_rapidsmith/hw/implementation/system_xps_timer_0_wrapper.ngc"/>
        <Attr Name="ImportTime" Val="1426141029"/>
        <Attr Name="UsedInSynthesis" Val="1"/>
        <Attr Name="UsedInImplementation" Val="1"/>
      </FileInfo>
    </File>
    <File Path="$PSRCDIR/sources_1/imports/implementation/inverter.nmc">
      <FileInfo>
        <Attr Name="ImportPath" Val="$PPRDIR/../dut_mb_v4lx60_template_pre_rapidsmith/hw/implementation/inverter.nmc"/>
        <Attr Name="ImportTime" Val="1426139556"/>
      </FileInfo>
    </File>
    <File Path="$PDATADIR/sources_1/ports.xml">
      <FileInfo SFType="PortsDb"/>
    </File>
    <File Path="$PDATADIR/sources_1/chipscope.xml">
      <FileInfo SFType="ChipscopeDb"/>
    </File>
    <Config>
      <Option Name="DesignMode" Val="GateLvl"/>
      <Option Name="TopModule" Val="system"/>
    </Config>
  </FileSet>
</DARoots>
